latitude,longitude,time
-37.2913,145.1518,371.0
-37.3136,145.1574,501.0
-37.4118,145.2077,334.0
-37.4474,145.2132,316.0
-37.2823,145.2412,284.0
-37.4118,145.2412,358.0
-37.3225,145.2467,297.0
-37.3091,145.2523,389.0
-37.2734,145.2747,528.0
-37.2868,145.2803,356.0
-37.3136,145.2803,389.0
-37.4697,145.2803,327.0
-37.2734,145.2914,445.0
-37.3136,145.297,391.0
-37.26,145.3026,502.0
-37.4786,145.3026,335.0
-37.385,145.3082,355.0
-37.4207,145.3138,373.0
-37.4652,145.3138,387.0
-37.4118,145.3305,261.0
-37.443,145.3417,201.0
-37.4341,145.3528,328.0
-37.4474,145.3863,353.0
-37.7666,145.498,54.0
-37.9999,145.5148,215.0
-37.7446,145.5259,123.0
-37.8284,145.5315,176.0
-37.7534,145.5483,187.0
-37.912,145.5762,442.0
-37.7269,145.5818,160.0
-37.9208,145.6041,469.0
-37.8548,145.6097,483.0
-37.868,145.6376,196.0
-37.718,145.6488,431.0
-37.9604,145.6488,448.0
-37.9691,145.6488,373.0
-37.7401,145.6711,408.0
-37.956,145.6767,480.0
-37.5852,145.6823,565.0
-37.9735,145.6823,493.0
-37.9252,145.6879,376.0
-37.8019,145.6935,186.0
-37.6915,145.699,424.0
-37.7136,145.699,227.0
-36.9364,145.7214,589.0
-37.7887,145.727,330.0
-37.9516,145.727,521.0
-37.7357,145.7325,439.0
-36.9319,145.7437,639.0
-37.7092,145.7437,481.0
-37.8856,145.7493,517.0
-36.8957,145.7605,683.0
-37.824,145.7661,535.0
-37.8108,145.7716,387.0
-37.8988,145.7716,533.0
-37.7755,145.7772,501.0
-37.6428,145.794,469.0
-37.8592,145.794,375.0
-37.8724,145.794,374.0
-37.9032,145.794,526.0
-37.7799,145.7996,376.0
-37.956,145.7996,493.0
-37.4608,145.8051,522.0
-37.6517,145.8107,467.0
-37.8504,145.8163,474.0
-37.9867,145.8163,475.0
-37.6473,145.8331,443.0
-36.846,145.8386,706.0
-37.8108,145.8386,501.0
-37.8592,145.8386,521.0
-37.9164,145.8386,491.0
-37.749,145.8498,530.0
-37.8372,145.8498,507.0
-37.6915,145.861,432.0
-37.7887,145.861,466.0
-37.7755,145.8666,360.0
-37.9516,145.8666,490.0
-37.7313,145.8721,468.0
-37.9779,145.8721,357.0
-37.6871,145.8833,467.0
-37.9032,145.8833,417.0
-37.634,145.8889,472.0
-37.7578,145.8889,478.0
-37.956,145.8889,529.0
-37.9691,145.8889,552.0
-37.7225,145.8945,460.0
-37.7401,145.8945,490.0
-37.8944,145.9001,542.0
-37.7931,145.9057,360.0
-37.6871,145.9112,394.0
-37.7269,145.9112,446.0
-37.9428,145.9112,445.0
-37.665,145.9168,372.0
-37.7622,145.9168,377.0
-37.9691,145.9168,509.0
-37.7799,145.9224,410.0
-37.7446,145.928,335.0
-37.8372,145.928,546.0
-37.9472,145.928,380.0
-37.868,145.9447,572.0
-37.956,145.9447,550.0
-37.9076,145.9503,542.0
-37.6384,145.9559,488.0
-37.7225,145.9615,402.0
-37.8724,145.9615,565.0
-37.8284,145.9671,405.0
-37.89,145.9671,376.0
-37.9076,145.9671,388.0
-36.8324,145.995,685.0
-37.8504,145.995,553.0
-37.8724,145.995,568.0
-36.9364,146.0006,650.0
-37.8063,146.0062,376.0
-37.8944,146.0062,552.0
-37.6959,146.0229,478.0
-37.8372,146.0229,385.0
-37.7578,146.0285,459.0
-37.1614,146.0341,541.0
-37.5453,146.0397,374.0
-37.8636,146.0397,509.0
-36.8596,146.0452,668.0
-37.8063,146.0452,569.0
-37.8988,146.0508,538.0
-37.6959,146.0564,150.0
-36.9544,146.062,665.0
-37.103,146.062,543.0
-37.6827,146.062,306.0
-36.9364,146.0732,675.0
-37.8416,146.0732,427.0
-36.8867,146.0788,663.0
-36.7509,146.0843,641.0
-37.9296,146.0955,557.0
-37.8548,146.1067,349.0
-36.8867,146.1234,682.0
-36.9319,146.1346,614.0
-37.7092,146.1458,457.0
-37.8856,146.1681,546.0
-37.634,146.1793,444.0
-37.6738,146.1848,446.0
-37.7269,146.1848,391.0
-36.7464,146.1904,471.0
-36.9725,146.2016,571.0
-37.004,146.2016,581.0
-36.837,146.2072,686.0
-36.7962,146.2128,704.0
-37.2868,146.2128,547.0
-36.8641,146.2184,545.0
-36.9364,146.2184,684.0
-37.0445,146.2184,552.0
-36.7509,146.2239,690.0
-36.9635,146.2239,357.0
-37.9384,146.2239,367.0
-36.846,146.2351,656.0
-36.6692,146.2407,673.0
-36.6964,146.2463,717.0
-36.9409,146.2463,602.0
-36.9048,146.2519,671.0
-36.7146,146.2574,561.0
-36.76,146.2574,607.0
-36.9409,146.2574,666.0
-36.977,146.2574,652.0
-36.8505,146.263,611.0
-36.9544,146.263,652.0
-36.6373,146.2686,647.0
-36.6191,146.2742,725.0
-36.8912,146.2742,384.0
-36.9409,146.2742,467.0
-36.7645,146.2798,683.0
-36.6055,146.2854,693.0
-36.7282,146.2854,732.0
-37.3761,146.2854,521.0
-36.7101,146.2909,691.0
-36.9544,146.2909,682.0
-36.8007,146.2965,545.0
-36.8415,146.3021,667.0
-36.6055,146.3077,690.0
-36.7055,146.3077,700.0
-37.4029,146.3077,376.0
-36.8279,146.3133,653.0
-36.9183,146.3133,636.0
-36.6009,146.3244,686.0
-36.9815,146.3244,648.0
-36.5508,146.33,764.0
-36.5782,146.33,713.0
-36.9093,146.33,594.0
-36.9454,146.33,664.0
-36.5554,146.3412,704.0
-36.7418,146.3412,723.0
-36.7736,146.3412,659.0
-36.7917,146.3412,672.0
-36.986,146.3412,683.0
-37.067,146.3412,579.0
-36.6646,146.3468,687.0
-36.9589,146.3468,636.0
-36.6009,146.3524,705.0
-36.7509,146.3524,688.0
-36.9048,146.3524,652.0
-37.6384,146.3524,212.0
-36.61,146.3579,731.0
-36.6282,146.3579,715.0
-36.6464,146.3579,681.0
-36.7826,146.3579,640.0
-36.8007,146.3579,664.0
-36.8777,146.3579,588.0
-36.7101,146.3635,686.0
-37.0715,146.3635,401.0
-36.6692,146.3691,706.0
-36.7418,146.3691,651.0
-36.8596,146.3691,668.0
-36.7237,146.3747,544.0
-36.8234,146.3747,468.0
-36.7055,146.3803,703.0
-36.7418,146.3803,732.0
-37.5985,146.3803,534.0
-36.6146,146.3915,725.0
-36.6601,146.3915,688.0
-36.9725,146.3915,684.0
-37.3404,146.3915,578.0
-36.6328,146.397,661.0
-36.6783,146.397,600.0
-36.701,146.397,696.0
-36.7645,146.397,661.0
-36.6646,146.4082,666.0
-36.5918,146.4138,702.0
-36.6419,146.4138,689.0
-36.9183,146.4138,682.0
-36.7554,146.4194,717.0
-37.085,146.4194,660.0
-37.5364,146.4194,495.0
-36.5143,146.425,761.0
-36.6646,146.425,667.0
-36.7146,146.4305,729.0
-36.9228,146.4305,698.0
-37.031,146.4305,605.0
-36.5554,146.4361,642.0
-36.5873,146.4361,671.0
-36.7282,146.4361,691.0
-36.977,146.4361,647.0
-37.4474,146.4361,373.0
-36.5326,146.4417,588.0
-36.7554,146.4417,647.0
-36.9003,146.4417,511.0
-36.9364,146.4417,664.0
-36.9589,146.4417,656.0
-37.1838,146.4417,571.0
-36.5189,146.4473,781.0
-36.7962,146.4473,730.0
-37.1434,146.4473,610.0
-36.7826,146.4529,695.0
-37.6915,146.4529,353.0
-36.5645,146.4585,779.0
-36.6009,146.4585,661.0
-37.6605,146.4585,358.0
-36.9138,146.464,462.0
-36.968,146.464,597.0
-36.986,146.464,512.0
-36.4687,146.4696,740.0
-36.5235,146.4696,714.0
-36.5417,146.4696,709.0
-36.6464,146.4696,664.0
-36.8053,146.4696,639.0
-36.9995,146.4696,518.0
-37.4474,146.4752,499.0
-36.4961,146.4808,714.0
-36.7736,146.4808,715.0
-37.04,146.4808,635.0
-36.6328,146.4864,692.0
-36.651,146.4864,655.0
-37.7931,146.4864,461.0
-36.8957,146.492,633.0
-37.6827,146.492,425.0
-36.6873,146.4975,722.0
-36.8189,146.4975,651.0
-36.846,146.4975,666.0
-37.049,146.4975,606.0
-37.5852,146.4975,529.0
-36.4595,146.5031,630.0
-36.487,146.5031,720.0
-37.076,146.5031,680.0
-36.5189,146.5087,778.0
-36.9228,146.5087,441.0
-37.031,146.5087,670.0
-36.9815,146.5143,609.0
-37.5763,146.5143,495.0
-36.6873,146.5199,711.0
-36.7327,146.5199,730.0
-36.7872,146.5199,724.0
-37.6162,146.5199,514.0
-36.423,146.5255,706.0
-36.61,146.5255,668.0
-36.6737,146.5255,731.0
-37.8416,146.5255,559.0
-36.4367,146.5311,745.0
-36.9589,146.5311,471.0
-37.0715,146.5311,675.0
-37.6915,146.5311,453.0
-36.651,146.5366,730.0
-36.7917,146.5366,641.0
-36.4915,146.5422,708.0
-36.5417,146.5422,729.0
-36.61,146.5422,661.0
-37.6871,146.5422,423.0
-36.8867,146.5478,644.0
-37.0535,146.5478,629.0
-37.9164,146.5478,575.0
-36.5098,146.5534,723.0
-36.5736,146.5534,725.0
-36.6737,146.5534,705.0
-37.3627,146.5534,555.0
-37.7401,146.5534,514.0
-36.4961,146.559,700.0
-36.61,146.559,600.0
-37.846,146.559,521.0
-36.6373,146.5646,702.0
-37.7313,146.5646,467.0
-36.7917,146.5701,721.0
-37.8108,146.5701,487.0
-36.5052,146.5757,743.0
-36.9138,146.5757,683.0
-37.076,146.5757,684.0
-37.868,146.5757,352.0
-36.487,146.5813,756.0
-36.5736,146.5813,776.0
-36.6692,146.5813,717.0
-36.8551,146.5813,650.0
-37.9735,146.5813,564.0
-36.5463,146.5869,686.0
-36.6146,146.5869,733.0
-36.8098,146.5869,730.0
-37.7136,146.5869,492.0
-37.934,146.5869,327.0
-36.6009,146.5925,731.0
-37.094,146.5925,588.0
-37.9076,146.5925,564.0
-36.6919,146.5981,568.0
-36.986,146.5981,475.0
-37.6782,146.5981,498.0
-36.4641,146.6036,781.0
-36.4961,146.6036,742.0
-37.9823,146.6036,368.0
-36.6783,146.6092,710.0
-36.7146,146.6092,610.0
-37.6605,146.6092,530.0
-37.6827,146.6092,491.0
-37.7004,146.6092,529.0
-36.487,146.6148,781.0
-36.769,146.6148,676.0
-37.094,146.6148,560.0
-37.7136,146.6148,347.0
-37.934,146.6148,585.0
-36.3772,146.6204,751.0
-37.6428,146.6204,380.0
-37.9032,146.6204,170.0
-37.9779,146.6204,564.0
-36.3589,146.626,778.0
-36.7509,146.626,729.0
-37.0625,146.626,661.0
-36.455,146.6316,715.0
-36.4824,146.6316,647.0
-36.5143,146.6316,3.0
-36.6873,146.6316,689.0
-36.8189,146.6316,634.0
-36.8324,146.6316,711.0
-36.4138,146.6371,768.0
-36.5052,146.6371,754.0
-36.5371,146.6371,697.0
-36.7146,146.6371,698.0
-36.7872,146.6371,705.0
-36.7282,146.6427,666.0
-36.769,146.6539,543.0
-36.3772,146.6595,770.0
-37.718,146.6595,512.0
-37.9691,146.6595,368.0
-36.5326,146.6651,760.0
-36.6555,146.6651,727.0
-36.7146,146.6651,648.0
-36.76,146.6651,707.0
-36.7736,146.6651,704.0
-36.4001,146.6706,772.0
-36.4413,146.6706,778.0
-37.2465,146.6706,453.0
-37.3091,146.6762,583.0
-37.7887,146.6762,351.0
-36.6873,146.6818,733.0
-36.7736,146.6818,727.0
-37.2107,146.6818,530.0
-36.4092,146.6874,744.0
-36.4595,146.6874,768.0
-36.5371,146.6874,771.0
-36.7055,146.6874,677.0
-36.3497,146.693,776.0
-36.6601,146.693,583.0
-36.7464,146.693,610.0
-36.7962,146.693,685.0
-36.4321,146.6986,778.0
-36.6191,146.6986,694.0
-37.7931,146.6986,360.0
-36.5918,146.7042,699.0
-36.7872,146.7042,479.0
-37.6251,146.7042,510.0
-37.8416,146.7042,444.0
-36.4824,146.7097,757.0
-36.5052,146.7097,741.0
-36.5235,146.7097,783.0
-36.5599,146.7097,732.0
-36.6419,146.7097,732.0
-36.6873,146.7097,734.0
-37.7313,146.7097,524.0
-36.6191,146.7153,717.0
-36.8731,146.7153,435.0
-36.9319,146.7153,594.0
-37.2286,146.7153,628.0
-36.2947,146.7209,723.0
-36.5371,146.7209,711.0
-36.5691,146.7209,730.0
-36.7055,146.7209,594.0
-36.7282,146.7209,728.0
-36.4824,146.7265,771.0
-36.368,146.7321,730.0
-36.4595,146.7321,746.0
-36.6828,146.7377,619.0
-36.6419,146.7432,664.0
-36.837,146.7432,444.0
-36.4504,146.7488,685.0
-36.7101,146.7488,540.0
-36.7645,146.7488,654.0
-37.1165,146.7488,467.0
-36.7872,146.7544,730.0
-37.103,146.7544,607.0
-36.5006,146.76,647.0
-36.8551,146.76,589.0
-36.8279,146.7656,609.0
-36.8731,146.7656,652.0
-36.2763,146.7712,738.0
-36.3726,146.7712,659.0
-36.6737,146.7712,666.0
-36.3635,146.7767,650.0
-36.7373,146.7767,698.0
-36.8777,146.7767,672.0
-36.5873,146.7823,641.0
-36.6601,146.7823,673.0
-36.8098,146.7823,664.0
-36.9454,146.7823,678.0
-36.8415,146.7879,651.0
-36.977,146.7879,672.0
-37.6871,146.7879,496.0
-37.7446,146.7879,516.0
-36.235,146.7935,618.0
-36.4275,146.7935,671.0
-36.6692,146.7935,701.0
-36.8686,146.7935,676.0
-36.5143,146.8047,498.0
-36.5873,146.8102,645.0
-36.8234,146.8102,524.0
-37.6827,146.8102,375.0
-36.2947,146.8158,674.0
-37.6694,146.8158,468.0
-36.5189,146.8214,717.0
-36.8053,146.8214,677.0
-36.9454,146.8214,646.0
-36.2763,146.827,658.0
-36.4092,146.827,645.0
-36.3726,146.8326,687.0
-36.5508,146.8326,639.0
-36.2166,146.8382,765.0
-36.4275,146.8382,715.0
-36.5235,146.8382,718.0
-36.9274,146.8382,682.0
-37.1928,146.8382,599.0
-37.7269,146.8382,533.0
-36.4184,146.8438,696.0
-36.6601,146.8438,695.0
-36.7327,146.8438,716.0
-36.8143,146.8438,683.0
-36.7191,146.8493,713.0
-36.7645,146.8493,637.0
-36.7826,146.8493,594.0
-36.8415,146.8493,599.0
-36.2396,146.8549,702.0
-36.6601,146.8549,699.0
-36.8686,146.8549,603.0
-36.212,146.8605,723.0
-36.986,146.8605,558.0
-37.6118,146.8605,384.0
-37.7357,146.8605,459.0
-36.1844,146.8661,708.0
-36.7418,146.8661,667.0
-36.8912,146.8661,652.0
-36.9544,146.8661,412.0
-36.968,146.8661,642.0
-36.5508,146.8717,694.0
-37.2197,146.8717,636.0
-36.5964,146.8773,661.0
-36.6146,146.8773,716.0
-36.8189,146.8773,654.0
-36.986,146.8773,663.0
-37.7666,146.8773,529.0
-36.189,146.8828,744.0
-36.2304,146.8828,736.0
-36.3955,146.8828,660.0
-36.212,146.8884,759.0
-36.2534,146.8884,690.0
-36.528,146.8884,712.0
-36.8007,146.8884,719.0
-36.8324,146.8884,667.0
-36.9725,146.8884,658.0
-36.2809,146.894,730.0
-36.2993,146.894,709.0
-36.3543,146.894,660.0
-36.3818,146.894,498.0
-36.4458,146.894,733.0
-36.487,146.894,729.0
-36.6282,146.894,710.0
-37.7446,146.894,510.0
-36.2396,146.8996,757.0
-36.3314,146.8996,695.0
-36.9409,146.8996,653.0
-37.1928,146.8996,405.0
-37.6915,146.8996,531.0
-36.189,146.9052,739.0
-36.2074,146.9052,738.0
-36.2258,146.9052,601.0
-36.3176,146.9052,708.0
-36.528,146.9052,700.0
-36.6373,146.9052,670.0
-36.7509,146.9052,684.0
-36.8551,146.9052,577.0
-37.1434,146.9052,374.0
-36.2534,146.9108,736.0
-36.336,146.9108,605.0
-36.4001,146.9108,644.0
-36.4413,146.9108,559.0
-36.4687,146.9108,694.0
-36.5599,146.9108,727.0
-37.7666,146.9108,379.0
-36.2166,146.9163,717.0
-36.2304,146.9163,702.0
-36.2717,146.9163,651.0
-36.3589,146.9163,658.0
-36.6191,146.9163,654.0
-36.7327,146.9163,680.0
-36.769,146.9163,637.0
-37.0445,146.9163,573.0
-37.0715,146.9163,605.0
-37.1838,146.9163,554.0
-36.455,146.9219,690.0
-36.5098,146.9219,720.0
-36.8867,146.9219,585.0
-36.9093,146.9219,644.0
-37.1569,146.9219,631.0
-37.2376,146.9219,589.0
-36.7101,146.9275,578.0
-36.8957,146.9275,681.0
-36.9725,146.9275,626.0
-36.9995,146.9275,384.0
-37.0535,146.9275,653.0
-36.189,146.9331,720.0
-36.2212,146.9331,745.0
-36.2717,146.9331,726.0
-36.3772,146.9331,697.0
-36.4092,146.9331,593.0
-36.5189,146.9331,716.0
-36.6191,146.9331,691.0
-36.651,146.9331,725.0
-36.9544,146.9331,632.0
-36.258,146.9387,773.0
-36.7509,146.9387,691.0
-37.1704,146.9387,616.0
-37.6517,146.9387,582.0
-36.2396,146.9443,661.0
-36.528,146.9443,725.0
-36.6555,146.9443,558.0
-36.8641,146.9443,564.0
-37.1973,146.9443,544.0
-37.7092,146.9443,535.0
-36.2534,146.9498,688.0
-36.4458,146.9498,710.0
-36.6146,146.9498,708.0
-36.9003,146.9498,661.0
-36.9409,146.9498,645.0
-36.968,146.9498,655.0
-37.1838,146.9498,631.0
-36.1337,146.9554,690.0
-36.3497,146.9554,647.0
-36.5006,146.9554,706.0
-37.13,146.9554,602.0
-36.9183,146.961,659.0
-37.022,146.961,637.0
-37.085,146.961,609.0
-36.1245,146.9666,697.0
-36.6783,146.9666,699.0
-36.968,146.9666,658.0
-37.0085,146.9666,686.0
-37.6561,146.9666,535.0
-36.2763,146.9722,706.0
-36.4824,146.9722,740.0
-36.8505,146.9722,669.0
-37.0355,146.9722,686.0
-37.067,146.9722,572.0
-36.368,146.9778,728.0
-37.121,146.9778,558.0
-37.1748,146.9778,574.0
-37.7534,146.9778,467.0
-36.5554,146.9833,627.0
-36.2809,146.9889,711.0
-36.7962,146.9889,672.0
-36.8505,146.9889,502.0
-36.9274,146.9889,663.0
-36.9499,146.9889,607.0
-36.9995,146.9889,676.0
-37.031,146.9889,621.0
-36.1982,146.9945,695.0
-36.3314,146.9945,735.0
-36.4184,146.9945,711.0
-36.6055,146.9945,729.0
-36.7237,147.0001,712.0
-36.8098,147.0001,664.0
-37.749,147.0001,512.0
-36.0692,147.0057,730.0
-36.083,147.0057,799.0
-36.1798,147.0057,669.0
-37.1389,147.0057,602.0
-36.5873,147.0113,669.0
-36.9138,147.0113,636.0
-37.031,147.0113,593.0
-37.0895,147.0113,597.0
-37.6118,147.0113,490.0
-36.1061,147.0169,765.0
-36.8324,147.0169,643.0
-36.1384,147.0224,888.0
-37.6561,147.0224,369.0
-36.0553,147.028,691.0
-36.0784,147.028,775.0
-36.1153,147.028,815.0
-36.166,147.028,926.0
-36.1798,147.028,765.0
-36.8505,147.028,657.0
-36.9589,147.028,669.0
-36.1936,147.0336,939.0
-36.8143,147.0336,626.0
-36.8415,147.0336,647.0
-36.5599,147.0392,678.0
-36.6009,147.0392,607.0
-37.5896,147.0392,544.0
-37.7843,147.0392,450.0
-37.8063,147.0392,459.0
-36.2442,147.0448,655.0
-36.3451,147.0448,729.0
-37.5719,147.0448,387.0
-36.5417,147.0504,648.0
-36.6328,147.0504,596.0
-36.986,147.0504,638.0
-36.9995,147.0504,653.0
-37.067,147.0504,419.0
-36.5782,147.0559,644.0
-36.9228,147.0559,652.0
-37.0265,147.0559,674.0
-37.0535,147.0559,590.0
-37.7269,147.0559,356.0
-36.3268,147.0615,632.0
-36.5964,147.0615,697.0
-37.0895,147.0615,621.0
-37.7975,147.0615,481.0
-36.6737,147.0671,694.0
-37.0625,147.0671,603.0
-37.2734,147.0671,572.0
-37.4652,147.0671,585.0
-37.6074,147.0671,389.0
-37.7843,147.0671,372.0
-36.5052,147.0727,698.0
-36.5645,147.0727,403.0
-36.8777,147.0727,631.0
-36.9048,147.0727,674.0
-36.212,147.0783,687.0
-36.2901,147.0783,683.0
-36.6919,147.0783,712.0
-36.7191,147.0783,670.0
-36.8234,147.0783,667.0
-37.2868,147.0783,576.0
-37.5364,147.0783,538.0
-36.023,147.0839,722.0
-36.837,147.0839,646.0
-37.6162,147.0839,458.0
-37.634,147.0839,469.0
-36.1522,147.0894,572.0
-36.7509,147.0894,666.0
-37.6959,147.0894,252.0
-36.023,147.095,712.0
-36.0507,147.095,735.0
-36.166,147.095,721.0
-37.2331,147.095,636.0
-37.7931,147.095,346.0
-36.2304,147.1006,673.0
-36.2947,147.1006,646.0
-36.5873,147.1006,642.0
-36.6692,147.1006,701.0
-36.8189,147.1006,507.0
-37.6207,147.1006,363.0
-36.651,147.1062,504.0
-36.7191,147.1062,617.0
-36.7418,147.1062,678.0
-36.8324,147.1062,675.0
-36.8731,147.1062,664.0
-37.1075,147.1062,541.0
-37.1569,147.1062,572.0
-37.5586,147.1062,532.0
-37.6782,147.1062,493.0
-36.7645,147.1118,658.0
-36.9725,147.1118,652.0
-37.2017,147.1118,537.0
-36.5736,147.1174,363.0
-37.1748,147.1174,360.0
-37.4474,147.1174,571.0
-37.5852,147.1174,526.0
-37.6162,147.1174,379.0
-37.6384,147.1174,537.0
-37.6827,147.1174,492.0
-36.0738,147.1229,686.0
-36.1153,147.1229,734.0
-36.2488,147.1229,696.0
-36.5918,147.1229,726.0
-36.6873,147.1229,655.0
-36.7237,147.1229,611.0
-37.0085,147.1229,593.0
-37.5985,147.1229,528.0
-37.6561,147.1229,512.0
-36.0969,147.1285,686.0
-36.6464,147.1285,690.0
-36.7418,147.1285,660.0
-36.9589,147.1285,675.0
-36.995,147.1285,628.0
-37.13,147.1285,619.0
-37.6694,147.1285,557.0
-36.2901,147.1341,781.0
-36.6009,147.1341,712.0
-36.9093,147.1341,635.0
-36.9319,147.1341,587.0
-37.0715,147.1341,565.0
-37.5497,147.1341,580.0
-35.9675,147.1397,726.0
-36.0876,147.1397,732.0
-36.6146,147.1397,708.0
-36.6555,147.1397,727.0
-36.8279,147.1397,489.0
-36.6282,147.1453,726.0
-36.977,147.1453,617.0
-37.058,147.1453,586.0
-36.1061,147.1509,690.0
-36.4047,147.1509,666.0
-36.5417,147.1509,582.0
-36.5964,147.1509,713.0
-36.9544,147.1509,652.0
-37.1075,147.1509,632.0
-37.3047,147.1509,578.0
-37.634,147.1509,381.0
-36.6146,147.1565,720.0
-36.7055,147.1565,710.0
-36.7282,147.1565,674.0
-37.6029,147.1565,500.0
-36.0784,147.162,712.0
-36.6328,147.162,678.0
-36.7645,147.162,678.0
-36.7872,147.162,656.0
-37.0715,147.162,601.0
-37.6694,147.162,496.0
-36.0091,147.1676,693.0
-36.6919,147.1676,715.0
-36.8007,147.1676,624.0
-36.8596,147.1676,609.0
-35.9814,147.1732,727.0
-36.0553,147.1732,716.0
-36.6009,147.1732,726.0
-36.837,147.1732,684.0
-36.9093,147.1732,669.0
-36.9409,147.1732,668.0
-37.3002,147.1732,571.0
-37.6118,147.1732,542.0
-36.083,147.1788,686.0
-36.4458,147.1788,743.0
-36.5508,147.1788,513.0
-35.9583,147.1844,696.0
-36.5417,147.1844,547.0
-36.9544,147.1844,567.0
-36.977,147.1844,568.0
-37.1345,147.1844,622.0
-37.2778,147.1844,554.0
-37.7799,147.1844,509.0
-36.5645,147.19,518.0
-36.8143,147.19,623.0
-36.9364,147.19,636.0
-37.2644,147.19,560.0
-35.9999,147.1955,668.0
-36.6191,147.1955,497.0
-36.0738,147.2011,713.0
-36.166,147.2011,707.0
-36.8098,147.2011,373.0
-37.0625,147.2011,352.0
-36.7191,147.2067,547.0
-36.9454,147.2067,613.0
-37.0175,147.2067,425.0
-36.0876,147.2123,548.0
-36.1107,147.2123,729.0
-36.189,147.2123,713.0
-36.3314,147.2123,555.0
-36.9544,147.2123,534.0
-37.076,147.2123,370.0
-37.2644,147.2123,562.0
-36.0415,147.2179,727.0
-36.6692,147.2179,679.0
-36.701,147.2179,639.0
-37.2107,147.2179,373.0
-37.6384,147.2179,454.0
-37.6827,147.2179,527.0
-36.1752,147.2235,728.0
-36.4047,147.2235,685.0
-36.6464,147.2235,619.0
-36.0507,147.229,703.0
-36.06,147.229,679.0
-36.1337,147.229,686.0
-36.1614,147.229,661.0
-36.3314,147.229,458.0
-36.6191,147.229,640.0
-37.004,147.229,633.0
-35.9119,147.2346,689.0
-36.1153,147.2346,562.0
-36.6737,147.2346,652.0
-37.2376,147.2346,353.0
-37.7136,147.2346,497.0
-36.0184,147.2402,671.0
-36.7554,147.2402,491.0
-37.1569,147.2402,539.0
-37.7578,147.2402,385.0
-36.3955,147.2458,665.0
-36.4733,147.2458,646.0
-35.9027,147.2514,549.0
-35.9166,147.2514,722.0
-36.0415,147.2514,652.0
-36.0646,147.2514,692.0
-36.3543,147.2514,681.0
-37.022,147.2514,573.0
-37.067,147.2514,389.0
-36.2763,147.257,645.0
-36.6737,147.257,659.0
-37.3225,147.257,551.0
-37.7622,147.257,294.0
-35.9166,147.2625,688.0
-35.9397,147.2625,572.0
-35.986,147.2625,714.0
-36.2947,147.2625,622.0
-36.9093,147.2625,534.0
-37.3047,147.2625,552.0
-37.5053,147.2625,493.0
-35.898,147.2681,699.0
-35.9583,147.2681,720.0
-36.1614,147.2681,726.0
-36.6282,147.2681,525.0
-37.2017,147.2681,518.0
-35.9721,147.2737,652.0
-36.023,147.2737,765.0
-36.4321,147.2737,578.0
-36.5326,147.2737,636.0
-36.7237,147.2737,626.0
-37.0265,147.2737,519.0
-37.6561,147.2737,463.0
-35.9119,147.2793,668.0
-36.0738,147.2793,730.0
-36.1476,147.2793,648.0
-36.189,147.2793,670.0
-36.3818,147.2793,652.0
-36.7962,147.2793,589.0
-36.258,147.2849,666.0
-36.3176,147.2849,649.0
-36.6919,147.2849,620.0
-35.8795,147.2905,733.0
-35.9305,147.2905,731.0
-35.949,147.2905,699.0
-36.235,147.2905,648.0
-36.8731,147.2905,355.0
-37.7446,147.2905,355.0
-35.898,147.296,695.0
-36.7464,147.296,677.0
-36.7645,147.296,587.0
-36.143,147.3016,707.0
-36.2028,147.3016,702.0
-36.7781,147.3016,544.0
-36.1568,147.3072,650.0
-36.2717,147.3072,658.0
-36.6237,147.3072,617.0
-37.2017,147.3072,492.0
-36.1798,147.3128,733.0
-36.1936,147.3128,710.0
-36.2258,147.3128,689.0
-36.4413,147.3128,548.0
-36.4321,147.3184,678.0
-37.7313,147.3184,345.0
-35.9629,147.324,814.0
-36.212,147.324,711.0
-36.3818,147.324,575.0
-36.7373,147.324,642.0
-37.1838,147.324,533.0
-37.6074,147.324,369.0
-35.8702,147.3296,700.0
-37.1748,147.3296,568.0
-35.9768,147.3351,720.0
-36.3176,147.3351,615.0
-36.3268,147.3351,626.0
-36.5873,147.3351,578.0
-36.8053,147.3351,600.0
-36.8505,147.3351,598.0
-37.085,147.3351,557.0
-35.8888,147.3407,689.0
-36.0646,147.3407,672.0
-36.2717,147.3407,725.0
-36.2901,147.3407,486.0
-36.023,147.3463,640.0
-36.166,147.3463,724.0
-36.4092,147.3463,673.0
-36.1015,147.3519,560.0
-36.1153,147.3519,649.0
-36.2396,147.3519,612.0
-36.3451,147.3519,670.0
-36.6555,147.3519,630.0
-36.8912,147.3519,634.0
-37.0355,147.3519,545.0
-36.0369,147.3575,725.0
-36.2212,147.3575,712.0
-36.3268,147.3575,670.0
-36.7146,147.3575,612.0
-35.8099,147.3631,702.0
-36.2304,147.3631,667.0
-36.4092,147.3631,637.0
-36.9635,147.3631,346.0
-37.2197,147.3631,535.0
-37.3449,147.3631,436.0
-37.6871,147.3631,482.0
-35.9027,147.3686,627.0
-36.0646,147.3686,637.0
-36.1199,147.3686,713.0
-37.0355,147.3686,560.0
-37.7622,147.3742,477.0
-35.8192,147.3798,663.0
-36.4504,147.3798,620.0
-36.6237,147.3798,562.0
-36.7282,147.3798,597.0
-35.7913,147.3854,553.0
-35.986,147.3854,641.0
-36.0738,147.3854,673.0
-36.2304,147.3854,703.0
-36.2488,147.3854,718.0
-36.986,147.3854,514.0
-37.3538,147.3854,509.0
-37.7666,147.3854,457.0
-35.8609,147.391,728.0
-36.1199,147.391,662.0
-36.1568,147.391,728.0
-36.6373,147.391,415.0
-36.7554,147.391,601.0
-37.251,147.391,570.0
-35.9073,147.3966,658.0
-36.3451,147.3966,448.0
-36.7962,147.3966,602.0
-37.0355,147.3966,441.0
-37.1838,147.3966,536.0
-37.2107,147.3966,520.0
-35.8795,147.4021,657.0
-35.9351,147.4021,664.0
-36.1752,147.4021,666.0
-36.1936,147.4021,711.0
-36.2809,147.4021,666.0
-36.4275,147.4021,350.0
-36.4504,147.4021,674.0
-36.6464,147.4021,620.0
-36.6783,147.4021,605.0
-37.013,147.4021,358.0
-37.3359,147.4021,405.0
-35.8006,147.4077,612.0
-35.8192,147.4077,643.0
-36.023,147.4077,706.0
-36.0784,147.4077,641.0
-36.1245,147.4077,672.0
-36.6282,147.4077,654.0
-35.9953,147.4133,454.0
-36.258,147.4133,632.0
-36.6464,147.4133,652.0
-37.1569,147.4133,574.0
-37.1883,147.4133,506.0
-35.949,147.4189,722.0
-36.235,147.4189,686.0
-37.067,147.4189,434.0
-37.1748,147.4189,573.0
-37.3493,147.4189,371.0
-37.7401,147.4189,458.0
-35.9027,147.4245,714.0
-36.9995,147.4245,559.0
-35.7727,147.4301,711.0
-35.8795,147.4301,716.0
-36.0923,147.4301,429.0
-36.1245,147.4301,676.0
-36.1614,147.4301,653.0
-36.2671,147.4301,665.0
-36.9409,147.4301,630.0
-37.4786,147.4301,372.0
-35.8238,147.4356,681.0
-36.023,147.4356,590.0
-36.2212,147.4356,683.0
-36.4321,147.4356,646.0
-37.0535,147.4356,410.0
-35.768,147.4412,593.0
-36.4047,147.4412,612.0
-37.1704,147.4412,551.0
-35.9583,147.4468,695.0
-36.1568,147.4468,692.0
-36.1706,147.4468,687.0
-36.9228,147.4468,576.0
-35.847,147.4524,658.0
-36.1061,147.4524,720.0
-37.103,147.4524,587.0
-37.5719,147.4524,468.0
-35.9999,147.458,625.0
-36.4321,147.458,633.0
-37.5497,147.458,377.0
-36.336,147.4636,656.0
-37.04,147.4636,567.0
-35.9397,147.4692,643.0
-36.0461,147.4692,665.0
-36.1476,147.4692,662.0
-36.9635,147.4692,556.0
-37.5186,147.4692,483.0
-35.7355,147.4747,747.0
-36.1337,147.4747,675.0
-36.2993,147.4747,650.0
-36.0415,147.4803,680.0
-36.6555,147.4803,634.0
-37.0535,147.4803,541.0
-37.6871,147.4803,489.0
-36.368,147.4859,655.0
-36.4458,147.4859,413.0
-36.9003,147.4859,625.0
-36.9635,147.4859,388.0
-35.7541,147.4915,628.0
-35.768,147.4915,496.0
-35.9629,147.4915,625.0
-36.3543,147.4915,667.0
-35.7308,147.4971,607.0
-36.0045,147.4971,712.0
-36.258,147.4971,681.0
-36.2993,147.4971,605.0
-36.3268,147.4971,621.0
-36.4778,147.4971,673.0
-36.4961,147.4971,648.0
-36.6601,147.4971,615.0
-36.701,147.4971,512.0
-37.7004,147.4971,177.0
-35.782,147.5027,680.0
-35.9906,147.5027,683.0
-36.3451,147.5027,677.0
-36.7645,147.5027,635.0
-36.0646,147.5082,646.0
-36.0969,147.5082,679.0
-36.3955,147.5082,683.0
-37.5319,147.5082,495.0
-37.665,147.5082,456.0
-35.768,147.5138,638.0
-35.9212,147.5138,665.0
-36.1153,147.5138,420.0
-36.2626,147.5138,673.0
-36.3314,147.5138,543.0
-36.4504,147.5138,529.0
-36.7282,147.5138,548.0
-36.977,147.5138,369.0
-36.4641,147.5194,647.0
-36.528,147.5194,581.0
-35.7401,147.525,665.0
-35.7541,147.525,439.0
-35.9351,147.525,678.0
-36.3039,147.525,478.0
-36.3406,147.525,671.0
-36.487,147.525,649.0
-36.6828,147.525,541.0
-36.7464,147.525,562.0
-36.8731,147.525,496.0
-35.898,147.5306,634.0
-36.1245,147.5306,645.0
-36.3955,147.5306,676.0
-36.5098,147.5306,642.0
-37.5408,147.5306,337.0
-35.8192,147.5362,647.0
-35.9999,147.5362,601.0
-36.3772,147.5362,641.0
-36.837,147.5362,575.0
-36.3406,147.5417,670.0
-36.3955,147.5417,644.0
-36.5235,147.5417,607.0
-36.5326,147.5417,621.0
-37.5896,147.5417,466.0
-35.8238,147.5473,445.0
-36.8143,147.5473,526.0
-35.7308,147.5529,685.0
-35.9629,147.5529,558.0
-36.023,147.5529,634.0
-36.1291,147.5529,645.0
-36.3818,147.5529,682.0
-36.4092,147.5529,674.0
-36.4184,147.5529,434.0
-36.5052,147.5529,618.0
-36.7055,147.5529,544.0
-37.4385,147.5529,365.0
-35.6656,147.5585,683.0
-35.7773,147.5585,662.0
-36.2534,147.5585,680.0
-36.3635,147.5585,362.0
-36.6055,147.5585,631.0
-36.7917,147.5585,614.0
-35.7634,147.5641,671.0
-36.1384,147.5641,655.0
-36.455,147.5641,637.0
-36.7237,147.5641,558.0
-35.8238,147.5697,421.0
-36.4001,147.5697,449.0
-36.5235,147.5697,634.0
-36.7554,147.5697,542.0
-35.7448,147.5752,647.0
-35.7773,147.5752,613.0
-35.9119,147.5752,674.0
-35.9305,147.5752,595.0
-36.0784,147.5752,683.0
-36.2488,147.5752,658.0
-36.4138,147.5752,346.0
-36.5006,147.5752,621.0
-37.6074,147.5752,357.0
-35.7913,147.5808,671.0
-35.847,147.5808,612.0
-35.9397,147.5808,642.0
-36.0646,147.5808,602.0
-36.5463,147.5808,614.0
-36.8053,147.5808,344.0
-36.9048,147.5808,455.0
-37.6295,147.5808,470.0
-35.7401,147.5864,419.0
-35.8656,147.5864,684.0
-35.986,147.5864,619.0
-36.0969,147.5864,653.0
-36.258,147.5864,614.0
-36.6737,147.5864,630.0
-36.7191,147.5864,637.0
-36.8822,147.5864,384.0
-35.8238,147.592,666.0
-35.9629,147.592,604.0
-36.2212,147.592,439.0
-36.3818,147.592,659.0
-36.5189,147.592,635.0
-36.651,147.592,572.0
-37.4385,147.592,525.0
-37.4519,147.592,488.0
-37.4697,147.592,487.0
-37.5186,147.592,482.0
-37.6827,147.592,449.0
-36.1982,147.5976,654.0
-36.9364,147.5976,499.0
-37.5319,147.5976,360.0
-37.6029,147.5976,450.0
-35.7866,147.6032,603.0
-35.8795,147.6032,678.0
-35.898,147.6032,651.0
-36.0461,147.6032,675.0
-36.166,147.6032,663.0
-36.2809,147.6032,645.0
-36.9093,147.6032,614.0
-37.6207,147.6032,455.0
-37.749,147.6032,427.0
-35.7122,147.6087,644.0
-35.8609,147.6087,454.0
-36.5463,147.6087,619.0
-36.6555,147.6087,481.0
-36.7237,147.6087,621.0
-37.0805,147.6087,357.0
-37.6694,147.6087,350.0
-35.6563,147.6143,612.0
-35.6796,147.6143,636.0
-35.9721,147.6143,681.0
-35.9814,147.6143,665.0
-36.1337,147.6143,675.0
-36.2488,147.6143,674.0
-37.4652,147.6143,524.0
-35.6329,147.6199,618.0
-36.0369,147.6199,677.0
-36.235,147.6199,589.0
-36.3497,147.6199,452.0
-36.5189,147.6199,636.0
-37.5142,147.6199,481.0
-35.6982,147.6255,638.0
-35.7634,147.6255,664.0
-36.1982,147.6255,663.0
-36.2626,147.6255,680.0
-37.5453,147.6255,303.0
-35.7215,147.6311,604.0
-35.8841,147.6311,543.0
-36.2855,147.6311,509.0
-36.487,147.6311,404.0
-36.5326,147.6311,612.0
-36.6009,147.6311,622.0
-37.5852,147.6311,350.0
-35.6749,147.6367,579.0
-35.7448,147.6367,683.0
-35.7866,147.6367,678.0
-35.9953,147.6367,661.0
-36.3726,147.6367,522.0
-36.5508,147.6367,512.0
-36.6373,147.6367,364.0
-36.9364,147.6367,590.0
-35.5862,147.6423,528.0
-36.1337,147.6423,661.0
-36.1982,147.6423,607.0
-37.1345,147.6423,579.0
-37.7401,147.6423,386.0
-35.949,147.6478,606.0
-36.2671,147.6478,658.0
-36.5599,147.6478,592.0
-36.5918,147.6478,621.0
-36.6237,147.6478,624.0
-35.5722,147.6534,605.0
-35.6143,147.6534,477.0
-35.7727,147.6534,538.0
-36.1568,147.6534,671.0
-36.3314,147.6534,592.0
-36.76,147.6534,513.0
-37.665,147.6534,472.0
-35.7168,147.659,644.0
-35.7308,147.659,602.0
-36.1476,147.659,685.0
-36.2901,147.659,676.0
-36.4915,147.659,389.0
-37.112,147.659,458.0
-37.4875,147.659,451.0
-37.5808,147.659,376.0
-35.7029,147.6646,633.0
-35.7913,147.6646,678.0
-35.9305,147.6646,656.0
-35.9629,147.6646,624.0
-36.0138,147.6646,602.0
-36.4092,147.6646,602.0
-36.0415,147.6702,558.0
-36.1706,147.6702,501.0
-36.3222,147.6702,672.0
-36.3772,147.6702,381.0
-37.1973,147.6702,524.0
-37.5453,147.6702,471.0
-35.5629,147.6758,662.0
-35.7308,147.6758,638.0
-35.7587,147.6758,464.0
-35.8006,147.6758,492.0
-36.1384,147.6758,659.0
-36.6191,147.6758,596.0
-36.6464,147.6758,567.0
-36.7736,147.6758,383.0
-35.5862,147.6813,507.0
-35.6609,147.6813,510.0
-37.7048,147.6813,398.0
-35.6796,147.6869,670.0
-36.1015,147.6869,615.0
-36.1614,147.6869,654.0
-36.2212,147.6869,669.0
-36.4367,147.6869,621.0
-36.5463,147.6869,594.0
-36.6601,147.6869,561.0
-35.9351,147.6925,671.0
-36.1245,147.6925,602.0
-36.2947,147.6925,567.0
-36.3772,147.6925,668.0
-36.6783,147.6925,559.0
-36.6964,147.6925,453.0
-36.8641,147.6925,487.0
-37.2107,147.6925,512.0
-35.7727,147.6981,671.0
-35.9536,147.6981,682.0
-36.3176,147.6981,655.0
-36.4961,147.6981,619.0
-36.6009,147.6981,632.0
-36.8143,147.6981,367.0
-35.7075,147.7037,366.0
-36.143,147.7037,593.0
-36.1752,147.7037,545.0
-36.5873,147.7037,495.0
-35.6423,147.7093,634.0
-35.6889,147.7093,640.0
-35.8424,147.7093,603.0
-35.9953,147.7093,684.0
-36.258,147.7093,442.0
-36.3406,147.7093,596.0
-36.6373,147.7093,625.0
-37.5453,147.7093,482.0
-37.5719,147.7093,471.0
-35.8099,147.7148,684.0
-35.8192,147.7148,685.0
-35.8563,147.7148,486.0
-36.0784,147.7148,357.0
-36.3039,147.7148,346.0
-36.4778,147.7148,628.0
-36.7101,147.7148,548.0
-36.7826,147.7148,541.0
-35.898,147.7204,664.0
-36.0091,147.7204,646.0
-36.0415,147.7204,551.0
-36.1153,147.7204,451.0
-36.1568,147.7204,601.0
-36.6555,147.7204,634.0
-36.6783,147.7204,619.0
-37.103,147.7204,531.0
-35.5816,147.726,605.0
-36.235,147.726,646.0
-36.9725,147.726,588.0
-37.067,147.726,586.0
-37.2913,147.726,498.0
-35.8052,147.7316,615.0
-35.9999,147.7316,543.0
-36.3589,147.7316,372.0
-36.701,147.7316,589.0
-36.846,147.7316,365.0
-37.5541,147.7316,457.0
-35.9444,147.7372,448.0
-36.0507,147.7372,593.0
-36.2258,147.7372,652.0
-36.3406,147.7372,628.0
-36.3772,147.7372,668.0
-35.7029,147.7428,511.0
-35.7866,147.7428,678.0
-35.8377,147.7428,663.0
-36.0738,147.7428,589.0
-36.1153,147.7428,588.0
-36.8686,147.7428,578.0
-37.718,147.7428,414.0
-35.5067,147.7483,646.0
-35.6329,147.7483,606.0
-35.986,147.7483,467.0
-36.1614,147.7483,633.0
-36.313,147.7483,625.0
-36.3726,147.7483,546.0
-35.5535,147.7539,621.0
-35.5722,147.7539,594.0
-36.0276,147.7539,635.0
-37.1793,147.7539,447.0
-37.4697,147.7539,465.0
-35.8749,147.7595,650.0
-36.1153,147.7595,600.0
-36.2901,147.7595,634.0
-36.3268,147.7595,590.0
-36.3451,147.7595,632.0
-36.3909,147.7595,606.0
-36.4778,147.7595,571.0
-35.5395,147.7651,611.0
-35.8424,147.7651,533.0
-35.9119,147.7651,669.0
-36.1337,147.7651,602.0
-35.4927,147.7707,658.0
-35.8563,147.7707,382.0
-35.9027,147.7707,682.0
-35.9397,147.7707,483.0
-35.9583,147.7707,612.0
-36.1153,147.7707,617.0
-36.2993,147.7707,633.0
-36.8415,147.7707,351.0
-37.013,147.7707,557.0
-37.5053,147.7707,356.0
-36.1798,147.7763,657.0
-37.5186,147.7763,356.0
-35.5722,147.7819,618.0
-35.9119,147.7819,669.0
-36.5189,147.7819,531.0
-36.5964,147.7819,612.0
-36.9725,147.7819,554.0
-37.2241,147.7819,498.0
-35.9675,147.7874,616.0
-36.0692,147.7874,626.0
-36.166,147.7874,617.0
-36.1844,147.7874,544.0
-36.3314,147.7874,619.0
-36.3497,147.7874,592.0
-36.487,147.7874,557.0
-36.7509,147.7874,553.0
-37.5453,147.7874,477.0
-35.4786,147.793,589.0
-35.6935,147.793,643.0
-35.847,147.793,647.0
-35.8888,147.793,647.0
-36.4504,147.793,632.0
-36.7645,147.793,357.0
-36.8596,147.793,348.0
-37.523,147.793,381.0
-36.2534,147.7986,603.0
-36.4367,147.7986,361.0
-36.4595,147.7986,550.0
-36.5599,147.7986,621.0
-36.8822,147.7986,575.0
-36.9589,147.7986,343.0
-37.5852,147.7986,360.0
-37.7136,147.7986,355.0
-35.6003,147.8042,607.0
-35.8192,147.8042,671.0
-36.0276,147.8042,671.0
-36.0415,147.8042,421.0
-36.1614,147.8042,635.0
-36.2763,147.8042,626.0
-36.3726,147.8042,565.0
-36.4961,147.8042,544.0
-36.7373,147.8042,582.0
-37.251,147.8042,258.0
-37.4519,147.8042,415.0
-37.5586,147.8042,359.0
-35.8841,147.8098,582.0
-36.2901,147.8098,641.0
-37.0175,147.8098,523.0
-37.5364,147.8098,466.0
-35.4458,147.8154,650.0
-35.474,147.8154,348.0
-35.5582,147.8154,546.0
-35.986,147.8154,604.0
-36.1153,147.8154,617.0
-36.1936,147.8154,547.0
-36.4001,147.8154,591.0
-36.4458,147.8154,588.0
-36.487,147.8154,626.0
-36.5463,147.8154,572.0
-37.0985,147.8154,545.0
-37.2376,147.8154,525.0
-37.5852,147.8154,351.0
-35.5208,147.8209,591.0
-35.6189,147.8209,644.0
-36.2488,147.8209,638.0
-37.112,147.8209,548.0
-37.5985,147.8209,444.0
-35.6003,147.8265,659.0
-35.6329,147.8265,644.0
-35.6935,147.8265,675.0
-35.7866,147.8265,673.0
-35.8284,147.8265,543.0
-35.9397,147.8265,464.0
-36.4733,147.8265,602.0
-36.5782,147.8265,608.0
-35.474,147.8321,672.0
-36.0138,147.8321,540.0
-36.4321,147.8321,442.0
-36.6282,147.8321,355.0
-36.6919,147.8321,519.0
-36.7509,147.8321,584.0
-37.121,147.8321,555.0
-37.5453,147.8321,463.0
-35.9768,147.8377,590.0
-36.0784,147.8377,578.0
-36.4092,147.8377,611.0
-36.1245,147.8433,629.0
-36.2809,147.8433,360.0
-37.2062,147.8433,9.0
-37.3315,147.8433,460.0
-37.563,147.8433,454.0
-35.5114,147.8489,663.0
-35.7262,147.8489,594.0
-36.3726,147.8489,401.0
-36.4184,147.8489,612.0
-36.4595,147.8489,608.0
-36.76,147.8489,575.0
-36.7781,147.8489,358.0
-37.5896,147.8489,481.0
-35.4411,147.8544,674.0
-35.9536,147.8544,604.0
-35.9675,147.8544,623.0
-36.0045,147.8544,443.0
-36.5463,147.8544,569.0
-36.7464,147.8544,593.0
-36.8279,147.8544,541.0
-37.3672,147.8544,444.0
-35.7913,147.86,666.0
-36.1337,147.86,575.0
-36.1568,147.86,555.0
-36.1936,147.86,630.0
-36.4458,147.86,612.0
-36.701,147.86,545.0
-37.4207,147.86,530.0
-37.523,147.86,474.0
-37.6029,147.86,362.0
-37.665,147.86,182.0
-36.212,147.8656,603.0
-36.61,147.8656,546.0
-37.4786,147.8656,392.0
-35.5488,147.8712,633.0
-37.3583,147.8712,459.0
-35.4693,147.8768,403.0
-35.8934,147.8768,612.0
-36.1522,147.8768,599.0
-36.4641,147.8768,634.0
-36.7781,147.8768,504.0
-36.8053,147.8768,586.0
-37.0085,147.8768,530.0
-37.022,147.8768,360.0
-37.3047,147.8768,491.0
-36.2258,147.8824,613.0
-36.5691,147.8824,613.0
-37.6428,147.8824,346.0
-35.9166,147.8879,573.0
-36.2809,147.8879,589.0
-36.3222,147.8879,595.0
-36.6737,147.8879,583.0
-36.8279,147.8879,541.0
-36.8596,147.8879,540.0
-36.9589,147.8879,567.0
-35.4927,147.8935,621.0
-36.3085,147.8935,459.0
-36.8007,147.8935,559.0
-37.2957,147.8935,500.0
-35.5395,147.8991,633.0
-35.8749,147.8991,626.0
-36.143,147.9047,598.0
-36.4458,147.9047,349.0
-36.5189,147.9047,573.0
-36.6419,147.9047,584.0
-37.0535,147.9047,576.0
-35.4505,147.9103,609.0
-35.474,147.9103,389.0
-35.5348,147.9103,544.0
-35.8517,147.9103,614.0
-36.0322,147.9103,520.0
-35.7355,147.9159,598.0
-36.166,147.9159,608.0
-36.2626,147.9159,557.0
-37.2465,147.9159,498.0
-37.3404,147.9159,534.0
-37.5142,147.9159,463.0
-35.6189,147.9214,598.0
-35.9166,147.9214,611.0
-35.9999,147.9214,541.0
-36.0276,147.9214,563.0
-37.6517,147.9214,307.0
-35.5067,147.927,616.0
-35.8656,147.927,591.0
-36.5918,147.927,606.0
-35.7913,147.9326,541.0
-35.8006,147.9326,608.0
-35.8192,147.9326,620.0
-35.9119,147.9326,665.0
-35.9629,147.9326,685.0
-36.0415,147.9326,463.0
-36.0969,147.9326,381.0
-36.1107,147.9326,616.0
-36.7418,147.9326,540.0
-37.2421,147.9326,368.0
-37.2689,147.9326,510.0
-37.3315,147.9326,501.0
-37.5675,147.9326,354.0
-37.7622,147.9326,413.0
-35.4927,147.9382,551.0
-35.8888,147.9382,589.0
-35.986,147.9438,603.0
-36.189,147.9438,628.0
-36.2488,147.9438,546.0
-36.3085,147.9438,530.0
-36.5554,147.9438,385.0
-36.8279,147.9438,566.0
-35.474,147.9494,622.0
-35.5535,147.9494,632.0
-35.768,147.9494,573.0
-35.7959,147.9494,487.0
-36.3635,147.9494,589.0
-36.3864,147.9494,628.0
-36.4733,147.9494,541.0
-36.7191,147.9494,564.0
-37.6827,147.9494,179.0
-37.8063,147.9494,380.0
-35.5021,147.955,471.0
-36.1199,147.955,436.0
-36.1476,147.955,620.0
-36.3314,147.955,627.0
-36.6328,147.955,563.0
-36.7055,147.955,559.0
-37.3984,147.955,533.0
-35.5161,147.9605,544.0
-36.2304,147.9605,566.0
-36.3176,147.9605,385.0
-36.6873,147.9605,356.0
-37.3047,147.9605,479.0
-35.5769,147.9661,577.0
-35.7448,147.9661,598.0
-35.7773,147.9661,590.0
-36.0923,147.9661,351.0
-36.3772,147.9661,476.0
-37.5675,147.9661,447.0
-37.7446,147.9661,403.0
-35.352,147.9717,543.0
-35.4177,147.9717,596.0
-35.6935,147.9717,625.0
-36.1798,147.9717,604.0
-36.2993,147.9717,603.0
-36.4047,147.9717,383.0
-36.7736,147.9717,538.0
-37.665,147.9717,341.0
-37.7887,147.9717,420.0
-35.3989,147.9773,455.0
-35.5208,147.9773,621.0
-35.5956,147.9773,567.0
-36.1107,147.9773,598.0
-36.4824,147.9773,635.0
-37.4296,147.9773,506.0
-35.3285,147.9829,568.0
-35.488,147.9829,641.0
-35.7355,147.9829,597.0
-35.7541,147.9829,626.0
-36.0415,147.9829,605.0
-36.3176,147.9829,580.0
-36.6737,147.9829,497.0
-37.7401,147.9829,181.0
-37.8196,147.9829,401.0
-35.6563,147.9885,501.0
-35.7215,147.9885,542.0
-35.9583,147.9885,572.0
-36.0692,147.9885,565.0
-36.0923,147.9885,564.0
-36.1614,147.9885,552.0
-37.4029,147.9885,483.0
-37.5053,147.9885,432.0
-37.7931,147.9885,344.0
-35.5629,147.994,610.0
-36.1153,147.994,630.0
-36.769,147.994,565.0
-37.3359,147.994,511.0
-37.3806,147.994,393.0
-37.5763,147.994,466.0
-35.6702,147.9996,602.0
-35.8331,147.9996,350.0
-35.8517,147.9996,343.0
-35.986,147.9996,604.0
-36.0276,147.9996,418.0
-36.6373,147.9996,580.0
-35.5067,148.0052,437.0
-35.782,148.0052,625.0
-36.1061,148.0052,547.0
-36.2396,148.0052,390.0
-36.7191,148.0052,507.0
-36.7373,148.0052,568.0
-37.4073,148.0052,379.0
-37.4697,148.0052,484.0
-37.7666,148.0052,359.0
-37.7975,148.0052,366.0
-35.3238,148.0108,570.0
-35.5208,148.0108,632.0
-35.7541,148.0108,609.0
-35.8145,148.0108,597.0
-36.0507,148.0108,602.0
-36.7509,148.0108,493.0
-36.8324,148.0108,542.0
-37.6871,148.0108,344.0
-35.3002,148.0164,616.0
-35.3895,148.0164,554.0
-35.9768,148.0164,380.0
-36.0045,148.0164,621.0
-36.3176,148.0164,487.0
-37.2331,148.0164,367.0
-37.3984,148.0164,368.0
-37.6694,148.0164,333.0
-35.3473,148.022,626.0
-35.5114,148.022,633.0
-35.7494,148.022,353.0
-36.1384,148.022,373.0
-36.2442,148.022,611.0
-36.7781,148.022,569.0
-37.1973,148.022,500.0
-37.8152,148.022,376.0
-35.3614,148.0275,626.0
-35.7773,148.0275,565.0
-35.9351,148.0275,591.0
-36.0784,148.0275,549.0
-36.3818,148.0275,589.0
-36.4413,148.0275,488.0
-35.7913,148.0331,563.0
-36.1982,148.0331,545.0
-36.769,148.0331,549.0
-35.4224,148.0387,575.0
-35.9536,148.0387,596.0
-36.1752,148.0387,624.0
-36.3955,148.0387,542.0
-36.7373,148.0387,574.0
-37.4073,148.0387,447.0
-37.6473,148.0387,195.0
-37.7004,148.0387,323.0
-35.2908,148.0443,634.0
-35.3096,148.0443,613.0
-35.3707,148.0443,591.0
-35.7029,148.0443,522.0
-35.8006,148.0443,561.0
-35.9397,148.0443,546.0
-36.0553,148.0443,185.0
-36.1522,148.0443,565.0
-36.7781,148.0443,543.0
-35.488,148.0499,570.0
-35.7215,148.0499,583.0
-36.7055,148.0499,507.0
-35.6796,148.0555,616.0
-35.949,148.0555,588.0
-36.1061,148.0555,363.0
-36.2717,148.0555,599.0
-36.7554,148.0555,532.0
-37.2957,148.0555,426.0
-37.4608,148.0555,302.0
-37.6871,148.0555,294.0
-35.3143,148.061,574.0
-35.3285,148.061,398.0
-35.3426,148.061,609.0
-35.4599,148.061,620.0
-35.5722,148.061,604.0
-35.6469,148.061,519.0
-35.7634,148.061,598.0
-36.2028,148.061,499.0
-36.5599,148.061,451.0
-36.5873,148.061,525.0
-37.7136,148.061,404.0
-35.3707,148.0666,367.0
-35.4974,148.0666,550.0
-36.2809,148.0666,605.0
-36.8007,148.0666,570.0
-36.9228,148.0666,429.0
-35.2532,148.0722,618.0
-35.3567,148.0722,457.0
-35.7634,148.0722,603.0
-36.1384,148.0722,546.0
-36.1798,148.0722,580.0
-36.4047,148.0722,504.0
-37.1165,148.0722,486.0
-37.5097,148.0722,349.0
-37.563,148.0722,471.0
-35.4036,148.0778,553.0
-35.4693,148.0778,613.0
-35.5067,148.0778,614.0
-35.7308,148.0778,542.0
-36.2763,148.0778,609.0
-37.7225,148.0778,354.0
-35.2626,148.0834,603.0
-35.3143,148.089,567.0
-35.4411,148.089,578.0
-35.5442,148.089,611.0
-35.5629,148.089,578.0
-35.7587,148.089,609.0
-36.9454,148.089,526.0
-37.4296,148.089,459.0
-37.6605,148.089,341.0
-35.2814,148.0946,478.0
-35.4833,148.0946,633.0
-36.1107,148.0946,556.0
-36.1384,148.0946,150.0
-36.1936,148.0946,385.0
-37.1345,148.0946,446.0
-37.3181,148.0946,468.0
-35.7727,148.1001,377.0
-35.9629,148.1001,356.0
-37.385,148.1001,387.0
-37.443,148.1001,366.0
-35.5535,148.1057,598.0
-36.2488,148.1057,532.0
-36.3451,148.1057,526.0
-36.5006,148.1057,571.0
-36.6191,148.1057,544.0
-36.9499,148.1057,482.0
-37.5364,148.1057,365.0
-35.8145,148.1113,593.0
-36.3589,148.1113,471.0
-36.3772,148.1113,589.0
-36.8415,148.1113,494.0
-35.3801,148.1169,520.0
-35.7587,148.1169,592.0
-36.2717,148.1169,571.0
-37.3984,148.1169,450.0
-37.4118,148.1169,471.0
-35.8331,148.1225,131.0
-35.9814,148.1225,555.0
-36.1936,148.1225,512.0
-36.423,148.1225,344.0
-36.6328,148.1225,369.0
-36.8641,148.1225,587.0
-36.9725,148.1225,525.0
-37.7225,148.1225,460.0
-35.3096,148.1281,564.0
-35.4224,148.1281,350.0
-35.5956,148.1281,504.0
-37.1165,148.1281,515.0
-37.4029,148.1281,350.0
-37.749,148.1281,412.0
-35.2908,148.1336,579.0
-35.3473,148.1336,611.0
-35.5395,148.1336,425.0
-35.8563,148.1336,135.0
-36.4367,148.1336,548.0
-36.6646,148.1336,520.0
-36.7509,148.1336,577.0
-36.8053,148.1336,462.0
-36.9228,148.1336,512.0
-37.4207,148.1336,465.0
-35.5675,148.1392,433.0
-36.3039,148.1392,417.0
-36.8324,148.1392,495.0
-36.8731,148.1392,361.0
-35.2579,148.1448,424.0
-35.3942,148.1448,624.0
-35.7168,148.1448,378.0
-35.9351,148.1448,544.0
-35.9906,148.1448,586.0
-36.2028,148.1448,609.0
-36.2809,148.1448,370.0
-36.7146,148.1448,348.0
-36.8912,148.1448,563.0
-36.9093,148.1448,498.0
-37.0085,148.1448,505.0
-35.4177,148.1504,473.0
-35.4458,148.1504,515.0
-35.7866,148.1504,627.0
-36.9995,148.1504,518.0
-37.8152,148.1504,395.0
-35.6189,148.156,539.0
-35.8377,148.156,604.0
-36.2671,148.156,636.0
-36.2993,148.156,618.0
-36.3222,148.156,571.0
-36.6191,148.156,372.0
-37.4474,148.156,480.0
-35.272,148.1616,591.0
-35.3989,148.1616,595.0
-35.474,148.1616,607.0
-35.6049,148.1616,491.0
-35.9675,148.1616,635.0
-36.7237,148.1616,506.0
-36.9319,148.1616,537.0
-37.5941,148.1616,344.0
-35.1824,148.1671,362.0
-35.239,148.1671,455.0
-35.4974,148.1671,606.0
-35.6702,148.1671,528.0
-35.9212,148.1671,610.0
-35.9814,148.1671,542.0
-36.1107,148.1671,345.0
-36.6419,148.1671,565.0
-36.7509,148.1671,577.0
-36.8641,148.1671,569.0
-37.2465,148.1671,536.0
-35.2013,148.1727,555.0
-36.2534,148.1783,620.0
-36.4367,148.1783,599.0
-36.6009,148.1783,538.0
-36.7872,148.1783,543.0
-37.634,148.1783,412.0
-35.3707,148.1839,612.0
-35.5348,148.1839,373.0
-35.7355,148.1839,442.0
-36.166,148.1839,626.0
-36.6282,148.1839,575.0
-36.6419,148.1839,550.0
-36.9138,148.1839,509.0
-37.3538,148.1839,356.0
-35.2154,148.1895,466.0
-35.4599,148.1895,531.0
-35.5208,148.1895,608.0
-35.6376,148.1895,608.0
-36.6919,148.1895,537.0
-36.7237,148.1895,506.0
-36.7554,148.1895,497.0
-36.8731,148.1895,377.0
-37.013,148.1895,437.0
-35.3614,148.1951,612.0
-35.4083,148.1951,613.0
-35.474,148.1951,588.0
-35.847,148.1951,499.0
-35.8749,148.1951,1312.0
-35.9768,148.1951,373.0
-36.0461,148.1951,627.0
-36.7373,148.1951,384.0
-35.3895,148.2006,592.0
-36.1245,148.2006,579.0
-36.1844,148.2006,595.0
-36.1936,148.2006,567.0
-36.2947,148.2006,518.0
-37.251,148.2006,344.0
-37.2868,148.2006,487.0
-37.3806,148.2006,422.0
-37.4786,148.2006,474.0
-35.1588,148.2062,559.0
-35.5348,148.2062,636.0
-36.528,148.2062,514.0
-36.6555,148.2062,545.0
-36.8324,148.2062,581.0
-36.9905,148.2062,507.0
-37.7269,148.2062,408.0
-35.2673,148.2118,551.0
-35.319,148.2118,427.0
-35.9212,148.2118,315.0
-36.06,148.2118,405.0
-37.5896,148.2118,401.0
-37.6207,148.2118,305.0
-35.3379,148.2174,507.0
-35.3801,148.2174,405.0
-36.1015,148.2174,503.0
-36.1844,148.2174,624.0
-36.2166,148.2174,594.0
-36.4001,148.2174,627.0
-36.7872,148.2174,554.0
-36.8551,148.2174,507.0
-35.1683,148.223,573.0
-35.3049,148.223,633.0
-35.3567,148.223,591.0
-35.5535,148.223,475.0
-35.7075,148.223,379.0
-35.949,148.223,629.0
-36.9725,148.223,517.0
-37.0085,148.223,482.0
-37.1345,148.223,492.0
-37.3806,148.223,478.0
-37.5319,148.223,474.0
-35.413,148.2286,604.0
-35.5067,148.2286,613.0
-35.5675,148.2286,610.0
-35.8563,148.2286,597.0
-35.8749,148.2286,581.0
-36.0322,148.2286,541.0
-36.4321,148.2286,516.0
-35.3285,148.2341,550.0
-35.986,148.2341,583.0
-36.083,148.2341,566.0
-36.235,148.2341,446.0
-37.3449,148.2341,483.0
-35.3895,148.2397,550.0
-35.7262,148.2397,577.0
-36.1568,148.2397,606.0
-36.4915,148.2397,540.0
-36.5782,148.2397,531.0
-35.898,148.2453,386.0
-36.0369,148.2453,572.0
-36.1245,148.2453,615.0
-36.212,148.2453,632.0
-36.4138,148.2453,593.0
-36.5098,148.2453,445.0
-35.1258,148.2509,555.0
-35.3661,148.2509,743.0
-35.4552,148.2509,637.0
-35.986,148.2509,608.0
-36.0184,148.2509,625.0
-36.1107,148.2509,622.0
-36.2488,148.2509,577.0
-36.3635,148.2509,633.0
-36.5599,148.2509,505.0
-36.9274,148.2509,500.0
-36.977,148.2509,494.0
-37.0715,148.2509,519.0
-37.094,148.2509,517.0
-35.5114,148.2565,625.0
-35.6283,148.2565,636.0
-35.6516,148.2565,350.0
-36.06,148.2565,384.0
-36.1752,148.2565,582.0
-36.4687,148.2565,542.0
-36.6737,148.2565,513.0
-36.8641,148.2565,379.0
-37.0355,148.2565,379.0
-35.2861,148.2621,565.0
-36.0369,148.2621,615.0
-36.1291,148.2621,605.0
-36.4001,148.2621,370.0
-36.6464,148.2621,540.0
-35.1541,148.2677,526.0
-35.3473,148.2677,433.0
-35.4458,148.2677,629.0
-35.6749,148.2677,541.0
-36.2442,148.2677,584.0
-36.4504,148.2677,544.0
-36.8415,148.2677,581.0
-37.4786,148.2677,467.0
-35.3989,148.2732,545.0
-36.0184,148.2732,568.0
-36.0738,148.2732,427.0
-36.5052,148.2732,345.0
-36.6009,148.2732,548.0
-36.7373,148.2732,550.0
-37.2913,148.2732,476.0
-37.8416,148.2732,528.0
-35.3848,148.2788,610.0
-35.4271,148.2788,587.0
-35.4411,148.2788,601.0
-35.782,148.2788,524.0
-36.4275,148.2788,568.0
-36.651,148.2788,553.0
-36.6646,148.2788,553.0
-36.8822,148.2788,377.0
-37.1075,148.2788,481.0
-37.443,148.2788,396.0
-35.2579,148.2844,628.0
-35.5769,148.2844,684.0
-35.6982,148.2844,490.0
-36.7645,148.2844,560.0
-37.121,148.2844,511.0
-37.4919,148.2844,458.0
-35.1824,148.29,674.0
-35.5348,148.29,392.0
-35.6236,148.29,598.0
-35.7494,148.29,557.0
-36.5599,148.29,525.0
-36.6873,148.29,351.0
-36.7373,148.29,555.0
-35.121,148.2956,579.0
-35.2013,148.2956,354.0
-35.4177,148.2956,604.0
-36.6555,148.2956,513.0
-36.8324,148.2956,507.0
-37.2062,148.2956,347.0
-37.6871,148.2956,417.0
-35.3801,148.3012,356.0
-36.5235,148.3012,567.0
-36.61,148.3012,540.0
-36.6373,148.3012,569.0
-37.0985,148.3012,462.0
-37.1614,148.3012,522.0
-35.4552,148.3067,560.0
-35.5395,148.3067,615.0
-36.5463,148.3067,545.0
-36.7826,148.3067,349.0
-36.8731,148.3067,452.0
-35.1966,148.3123,646.0
-35.3049,148.3123,572.0
-35.5208,148.3123,370.0
-35.5862,148.3123,369.0
-35.7262,148.3123,634.0
-35.7587,148.3123,374.0
-35.8517,148.3123,378.0
-36.1476,148.3123,609.0
-36.4367,148.3123,600.0
-36.6555,148.3123,585.0
-37.1479,148.3123,529.0
-37.3449,148.3123,282.0
-37.6871,148.3123,150.0
-35.5395,148.3179,571.0
-35.6702,148.3179,536.0
-36.0415,148.3179,517.0
-36.0923,148.3179,603.0
-36.1337,148.3179,592.0
-36.2396,148.3179,560.0
-36.9544,148.3179,508.0
-37.1793,148.3179,532.0
-37.2421,148.3179,538.0
-37.5053,148.3179,346.0
-37.6738,148.3179,311.0
-35.1447,148.3235,510.0
-35.3426,148.3235,509.0
-35.7727,148.3235,544.0
-36.423,148.3235,568.0
-36.7282,148.3235,497.0
-36.8189,148.3235,361.0
-37.5319,148.3235,438.0
-35.3895,148.3291,600.0
-35.4083,148.3291,575.0
-35.8702,148.3291,555.0
-36.4458,148.3291,557.0
-36.769,148.3291,514.0
-36.8324,148.3291,500.0
-35.4505,148.3347,366.0
-35.6096,148.3347,585.0
-36.4915,148.3347,580.0
-35.1069,148.3402,581.0
-35.1777,148.3402,516.0
-35.3989,148.3402,346.0
-35.5395,148.3402,537.0
-36.0738,148.3402,523.0
-36.6282,148.3402,542.0
-36.9048,148.3402,489.0
-37.3493,148.3402,406.0
-37.5319,148.3402,439.0
-35.474,148.3458,539.0
-35.7262,148.3458,582.0
-35.7355,148.3458,581.0
-36.0876,148.3458,506.0
-37.1569,148.3458,397.0
-35.3614,148.3514,388.0
-35.7494,148.3514,582.0
-36.1015,148.3514,618.0
-36.235,148.3514,387.0
-36.528,148.3514,549.0
-37.6428,148.3514,405.0
-35.0406,148.357,539.0
-35.4224,148.357,592.0
-35.6236,148.357,372.0
-36.1153,148.357,358.0
-36.2671,148.357,577.0
-36.3818,148.357,570.0
-36.7191,148.357,499.0
-36.9003,148.357,504.0
-35.0501,148.3626,546.0
-35.2767,148.3626,567.0
-35.4083,148.3626,546.0
-35.8192,148.3626,483.0
-36.4733,148.3626,540.0
-36.6783,148.3626,483.0
-36.8007,148.3626,501.0
-37.4385,148.3626,380.0
-37.5763,148.3626,199.0
-35.3848,148.3682,352.0
-35.4458,148.3682,588.0
-35.6796,148.3682,368.0
-36.3222,148.3682,614.0
-36.4915,148.3682,503.0
-36.5371,148.3682,362.0
-37.2062,148.3682,515.0
-37.6384,148.3682,368.0
-37.665,148.3682,366.0
-35.1069,148.3737,569.0
-35.2579,148.3737,548.0
-35.3096,148.3737,582.0
-35.6423,148.3737,565.0
-35.7215,148.3737,587.0
-35.9721,148.3737,1288.0
-36.1107,148.3737,488.0
-36.1752,148.3737,569.0
-36.8641,148.3737,479.0
-36.8957,148.3737,493.0
-37.076,148.3737,470.0
-36.3039,148.3793,578.0
-36.5508,148.3793,571.0
-36.8234,148.3793,366.0
-37.0265,148.3793,468.0
-35.3049,148.3849,526.0
-35.352,148.3849,564.0
-35.4458,148.3849,545.0
-35.6096,148.3849,601.0
-35.7541,148.3849,584.0
-35.8749,148.3849,519.0
-36.313,148.3849,565.0
-36.4824,148.3849,585.0
-36.7191,148.3849,356.0
-35.1258,148.3905,517.0
-35.5675,148.3905,575.0
-35.7913,148.3905,34.0
-35.8563,148.3905,546.0
-36.2396,148.3905,587.0
-36.9093,148.3905,462.0
-37.6251,148.3905,347.0
-35.4177,148.3961,416.0
-35.474,148.3961,424.0
-35.5301,148.3961,599.0
-35.7355,148.3961,573.0
-35.8192,148.3961,551.0
-35.9814,148.3961,1305.0
-36.1245,148.3961,488.0
-36.1384,148.3961,575.0
-36.2901,148.3961,587.0
-36.4641,148.3961,527.0
-36.76,148.3961,516.0
-36.8415,148.3961,463.0
-35.1163,148.4017,579.0
-35.3285,148.4017,506.0
-35.5067,148.4017,375.0
-35.5442,148.4017,368.0
-36.0738,148.4017,498.0
-36.5006,148.4017,554.0
-36.9228,148.4017,495.0
-37.5275,148.4017,435.0
-35.1352,148.4073,572.0
-35.6469,148.4073,531.0
-35.7634,148.4073,536.0
-35.8099,148.4073,570.0
-35.9999,148.4073,1299.0
-36.9409,148.4073,468.0
-37.443,148.4073,391.0
-37.5586,148.4073,423.0
-35.3614,148.4128,581.0
-35.4552,148.4128,563.0
-35.4786,148.4128,589.0
-36.6828,148.4128,551.0
-36.7237,148.4128,566.0
-37.523,148.4128,446.0
-35.8192,148.4184,450.0
-36.9048,148.4184,506.0
-36.9228,148.4184,495.0
-36.968,148.4184,511.0
-37.13,148.4184,476.0
-37.4697,148.4184,479.0
-37.4919,148.4184,486.0
-35.3332,148.424,386.0
-35.4271,148.424,369.0
-35.5582,148.424,552.0
-36.1107,148.424,351.0
-36.4504,148.424,541.0
-36.6692,148.424,351.0
-36.7418,148.424,584.0
-37.049,148.424,495.0
-37.1659,148.424,384.0
-35.0548,148.4296,385.0
-35.4036,148.4296,568.0
-35.4786,148.4296,598.0
-35.4974,148.4296,627.0
-35.7773,148.4296,578.0
-36.083,148.4296,495.0
-36.3039,148.4296,547.0
-36.7101,148.4296,569.0
-36.9815,148.4296,359.0
-37.26,148.4296,454.0
-35.2437,148.4352,382.0
-36.2947,148.4352,520.0
-36.3268,148.4352,573.0
-36.3497,148.4352,573.0
-36.7736,148.4352,536.0
-36.9364,148.4352,496.0
-36.9589,148.4352,373.0
-37.1075,148.4352,465.0
-37.1793,148.4352,369.0
-37.2421,148.4352,354.0
-35.0169,148.4408,576.0
-35.1777,148.4408,552.0
-35.2861,148.4408,500.0
-35.8238,148.4408,582.0
-36.368,148.4408,540.0
-36.3909,148.4408,443.0
-36.6328,148.4408,560.0
-36.8641,148.4408,444.0
-37.5985,148.4408,391.0
-37.7004,148.4408,374.0
-35.1541,148.4463,571.0
-35.3473,148.4463,555.0
-35.3661,148.4463,562.0
-35.4224,148.4463,540.0
-35.7587,148.4463,500.0
-35.847,148.4463,483.0
-35.9768,148.4463,444.0
-37.0085,148.4463,505.0
-37.0265,148.4463,531.0
-35.2484,148.4519,520.0
-35.474,148.4519,535.0
-35.5301,148.4519,533.0
-35.5722,148.4519,551.0
-35.5909,148.4519,586.0
-36.1015,148.4519,512.0
-36.4047,148.4519,534.0
-36.5827,148.4519,562.0
-36.6464,148.4519,372.0
-36.6828,148.4519,442.0
-36.8234,148.4519,526.0
-37.1793,148.4519,461.0
-37.2241,148.4519,349.0
-37.2376,148.4519,372.0
-35.3049,148.4575,490.0
-35.6189,148.4575,585.0
-36.368,148.4575,573.0
-36.4504,148.4575,552.0
-36.5964,148.4575,380.0
-37.0445,148.4575,522.0
-37.5941,148.4575,406.0
-35.4599,148.4631,565.0
-35.5582,148.4631,493.0
-35.5816,148.4631,572.0
-35.5956,148.4631,584.0
-36.336,148.4631,366.0
-36.5691,148.4631,557.0
-36.7917,148.4631,535.0
-36.8822,148.4631,442.0
-36.977,148.4631,536.0
-37.2734,148.4631,475.0
-37.6959,148.4631,383.0
-35.0264,148.4687,385.0
-35.1683,148.4687,348.0
-35.2626,148.4687,427.0
-35.3989,148.4687,517.0
-35.8517,148.4687,369.0
-36.8189,148.4687,505.0
-35.0832,148.4743,555.0
-35.2249,148.4743,376.0
-35.319,148.4743,369.0
-35.4318,148.4743,569.0
-36.368,148.4743,576.0
-36.5417,148.4743,547.0
-36.6555,148.4743,514.0
-36.6828,148.4743,527.0
-36.6919,148.4743,358.0
-36.8415,148.4743,531.0
-37.1075,148.4743,523.0
-37.5541,148.4743,408.0
-35.0217,148.4798,565.0
-35.1116,148.4798,531.0
-35.4177,148.4798,551.0
-35.6143,148.4798,540.0
-35.6469,148.4798,471.0
-35.7913,148.4798,516.0
-35.8099,148.4798,501.0
-35.8424,148.4798,388.0
-35.8749,148.4798,389.0
-35.8934,148.4798,367.0
-36.2947,148.4798,524.0
-36.3543,148.4798,564.0
-36.7826,148.4798,504.0
-36.8324,148.4798,490.0
-36.3772,148.4854,553.0
-36.7554,148.4854,523.0
-36.986,148.4854,351.0
-37.1389,148.4854,501.0
-35.206,148.491,375.0
-35.4411,148.491,542.0
-35.5862,148.491,354.0
-35.7355,148.491,528.0
-36.5645,148.491,521.0
-36.5827,148.491,542.0
-36.6737,148.491,375.0
-37.4341,148.491,368.0
-37.5319,148.491,389.0
-37.5675,148.491,344.0
-37.6295,148.491,330.0
-35.1258,148.4966,510.0
-35.1399,148.4966,524.0
-35.5301,148.4966,543.0
-35.6702,148.4966,527.0
-36.2763,148.4966,541.0
-36.4413,148.4966,570.0
-36.7327,148.4966,368.0
-36.8189,148.4966,467.0
-36.8324,148.4966,526.0
-37.2689,148.4966,454.0
-37.6959,148.4966,404.0
-35.3754,148.5022,527.0
-35.6049,148.5022,586.0
-35.7075,148.5022,498.0
-36.8686,148.5022,509.0
-35.121,148.5078,544.0
-35.2249,148.5078,585.0
-35.5067,148.5078,578.0
-35.7587,148.5078,575.0
-36.0045,148.5078,529.0
-37.1345,148.5078,371.0
-35.3989,148.5133,484.0
-35.4505,148.5133,534.0
-35.6516,148.5133,576.0
-35.6842,148.5133,557.0
-35.7262,148.5133,563.0
-35.8934,148.5133,571.0
-36.0784,148.5133,161.0
-36.235,148.5133,546.0
-36.8279,148.5133,505.0
-36.8505,148.5133,507.0
-37.4875,148.5133,448.0
-35.2955,148.5189,354.0
-35.5582,148.5189,370.0
-35.7727,148.5189,542.0
-36.6464,148.5189,510.0
-36.6919,148.5189,525.0
-37.5008,148.5189,484.0
-37.5808,148.5189,421.0
-35.4552,148.5245,513.0
-35.488,148.5245,383.0
-35.7029,148.5245,506.0
-36.7237,148.5245,508.0
-37.4608,148.5245,301.0
-37.5275,148.5245,473.0
-35.8609,148.5301,587.0
-36.4458,148.5301,585.0
-36.8143,148.5301,538.0
-36.8641,148.5301,493.0
-35.1021,148.5357,451.0
-35.5067,148.5357,511.0
-35.6096,148.5357,369.0
-36.3818,148.5357,513.0
-37.4786,148.5357,374.0
-35.2673,148.5413,368.0
-35.2908,148.5413,529.0
-35.9166,148.5413,574.0
-36.4595,148.5413,420.0
-35.5629,148.5468,570.0
-35.9027,148.5468,584.0
-36.2396,148.5468,587.0
-36.6464,148.5468,525.0
-37.4474,148.5468,450.0
-37.6738,148.5468,336.0
-35.319,148.5524,526.0
-35.3661,148.5524,492.0
-35.7959,148.5524,522.0
-36.2534,148.5524,542.0
-36.61,148.5524,388.0
-36.6964,148.5524,498.0
-37.4162,148.5524,396.0
-35.3285,148.558,549.0
-35.4271,148.558,391.0
-35.9166,148.558,345.0
-36.0784,148.558,563.0
-36.8867,148.558,521.0
-37.3672,148.558,363.0
-35.4974,148.5636,521.0
-35.5442,148.5636,354.0
-36.3955,148.5636,570.0
-36.6328,148.5636,362.0
-36.8098,148.5636,529.0
-35.3379,148.5692,533.0
-35.9444,148.5692,577.0
-36.7327,148.5692,524.0
-36.968,148.5692,511.0
-37.5142,148.5692,473.0
-35.5067,148.5748,461.0
-35.5769,148.5748,356.0
-35.5909,148.5748,550.0
-36.0692,148.5748,379.0
-36.5189,148.5748,582.0
-36.6646,148.5748,528.0
-37.4162,148.5748,345.0
-35.3895,148.5804,370.0
-35.6563,148.5804,568.0
-36.0923,148.5804,502.0
-36.336,148.5804,559.0
-36.8596,148.5804,530.0
-36.8822,148.5804,505.0
-35.6003,148.5859,577.0
-35.9675,148.5859,561.0
-36.6146,148.5859,433.0
-36.7055,148.5859,474.0
-37.4919,148.5859,445.0
-37.5142,148.5859,489.0
-37.5896,148.5859,175.0
-37.634,148.5859,402.0
-36.0692,148.5915,542.0
-36.313,148.5915,540.0
-36.5052,148.5915,555.0
-36.9274,148.5915,370.0
-37.6959,148.5915,384.0
-35.0832,148.5971,472.0
-35.2484,148.5971,519.0
-35.5816,148.5971,549.0
-35.6656,148.5971,502.0
-36.1245,148.5971,571.0
-36.3406,148.5971,359.0
-36.6919,148.5971,516.0
-37.1479,148.5971,447.0
-37.4385,148.5971,463.0
-37.5408,148.5971,392.0
-35.0974,148.6027,510.0
-35.5161,148.6027,542.0
-35.7773,148.6027,504.0
-35.9675,148.6027,566.0
-35.9906,148.6027,526.0
-36.0045,148.6027,555.0
-36.2993,148.6027,563.0
-36.7146,148.6027,374.0
-35.6096,148.6083,524.0
-36.6828,148.6083,350.0
-37.6428,148.6083,436.0
-34.9932,148.6139,362.0
-35.1163,148.6139,369.0
-35.2626,148.6139,440.0
-35.6376,148.6139,586.0
-35.949,148.6139,383.0
-35.9721,148.6139,560.0
-36.3772,148.6139,579.0
-36.4092,148.6139,561.0
-37.5275,148.6139,362.0
-37.5808,148.6139,427.0
-35.4646,148.6194,502.0
-35.7075,148.6194,499.0
-36.3589,148.6194,551.0
-35.0832,148.625,504.0
-35.4927,148.625,443.0
-35.5722,148.625,566.0
-35.6096,148.625,536.0
-35.6749,148.625,529.0
-36.1107,148.625,551.0
-36.9364,148.625,524.0
-37.7313,148.625,393.0
-35.0453,148.6306,577.0
-35.3895,148.6306,359.0
-35.986,148.6306,555.0
-36.4595,148.6306,577.0
-36.7373,148.6306,509.0
-37.4697,148.6306,354.0
-35.0122,148.6362,354.0
-35.4177,148.6362,351.0
-35.5067,148.6362,510.0
-35.5208,148.6362,491.0
-35.8099,148.6362,511.0
-35.9351,148.6362,539.0
-36.1568,148.6362,541.0
-36.6783,148.6362,450.0
-36.7191,148.6362,451.0
-36.9725,148.6362,519.0
-37.5097,148.6362,354.0
-35.1635,148.6418,469.0
-35.6563,148.6418,517.0
-35.6935,148.6418,556.0
-35.7773,148.6418,539.0
-36.1384,148.6418,546.0
-36.1706,148.6418,532.0
-36.3268,148.6418,529.0
-37.4252,148.6418,369.0
-35.0311,148.6474,442.0
-35.1258,148.6474,503.0
-35.3614,148.6474,539.0
-35.5675,148.6474,574.0
-35.6049,148.6474,550.0
-35.7168,148.6474,521.0
-35.9814,148.6474,741.0
-36.3955,148.6474,370.0
-36.7645,148.6529,510.0
-37.0265,148.6529,494.0
-34.9743,148.6585,568.0
-35.121,148.6585,521.0
-35.4318,148.6585,496.0
-35.5114,148.6585,532.0
-36.0184,148.6585,514.0
-36.423,148.6585,357.0
-36.5052,148.6585,554.0
-34.998,148.6641,466.0
-35.2249,148.6641,414.0
-36.0369,148.6641,1290.0
-36.2074,148.6641,567.0
-37.5675,148.6641,344.0
-35.0217,148.6697,713.0
-35.3942,148.6697,536.0
-35.8377,148.6697,367.0
-35.9768,148.6697,506.0
-36.1522,148.6697,578.0
-36.6964,148.6697,497.0
-35.1116,148.6753,463.0
-36.0507,148.6753,1297.0
-36.0923,148.6753,526.0
-35.2107,148.6809,524.0
-35.5021,148.6809,369.0
-35.5442,148.6809,500.0
-35.9906,148.6809,351.0
-36.0045,148.6809,363.0
-36.1568,148.6809,560.0
-36.4047,148.6809,391.0
-36.986,148.6809,535.0
-37.0985,148.6809,358.0
-34.9695,148.6864,532.0
-36.0322,148.6864,566.0
-35.0406,148.692,517.0
-35.5161,148.692,531.0
-35.9721,148.692,578.0
-36.3268,148.692,516.0
-36.3543,148.692,441.0
-36.4458,148.692,508.0
-36.6009,148.692,511.0
-36.6601,148.692,374.0
-36.9093,148.692,497.0
-35.173,148.6976,510.0
-35.9305,148.6976,493.0
-36.6282,148.6976,350.0
-36.8007,148.6976,509.0
-36.8777,148.6976,463.0
-37.634,148.6976,408.0
-36.0276,148.7032,630.0
-36.1015,148.7032,471.0
-36.1936,148.7032,59.0
-36.258,148.7032,350.0
-36.4001,148.7032,577.0
-36.5326,148.7032,522.0
-37.5453,148.7032,360.0
-35.0217,148.7088,462.0
-35.6049,148.7088,366.0
-36.1245,148.7088,1251.0
-36.846,148.7088,384.0
-36.8777,148.7088,441.0
-37.121,148.7088,362.0
-35.1777,148.7144,499.0
-35.3096,148.7144,392.0
-35.9629,148.7144,376.0
-36.5599,148.7144,536.0
-36.6464,148.7144,472.0
-36.6601,148.7144,522.0
-36.2671,148.72,558.0
-36.2855,148.72,344.0
-36.7282,148.72,1303.0
-35.1777,148.7255,522.0
-35.6143,148.7255,542.0
-35.9444,148.7255,448.0
-35.9953,148.7255,576.0
-36.06,148.7255,514.0
-36.1614,148.7255,558.0
-36.3864,148.7255,504.0
-36.9138,148.7255,499.0
-37.5408,148.7255,389.0
-37.6473,148.7255,363.0
-36.0969,148.7311,615.0
-36.4138,148.7311,491.0
-36.8279,148.7311,370.0
-36.9635,148.7311,460.0
-37.1255,148.7311,478.0
-35.1541,148.7367,498.0
-35.4271,148.7367,513.0
-35.6283,148.7367,568.0
-35.8749,148.7367,347.0
-36.1337,148.7367,563.0
-37.0175,148.7367,479.0
-37.5675,148.7367,399.0
-35.1777,148.7423,384.0
-35.2202,148.7423,466.0
-36.1752,148.7423,490.0
-36.9995,148.7423,507.0
-37.5319,148.7423,391.0
-35.1116,148.7479,528.0
-35.3848,148.7479,459.0
-36.2855,148.7479,504.0
-36.3406,148.7479,517.0
-37.13,148.7479,461.0
-35.8563,148.7535,486.0
-36.083,148.7535,507.0
-36.3176,148.7535,496.0
-36.6009,148.7535,355.0
-36.701,148.7535,351.0
-36.7418,148.7535,530.0
-36.9274,148.7535,521.0
-37.6162,148.7535,130.0
-35.6469,148.759,474.0
-35.6702,148.759,517.0
-35.7168,148.759,406.0
-36.1153,148.759,544.0
-36.2304,148.759,1168.0
-35.9166,148.7646,519.0
-36.6783,148.7646,366.0
-36.977,148.7646,375.0
-37.085,148.7646,356.0
-35.1777,148.7702,406.0
-35.3989,148.7702,377.0
-35.5442,148.7702,391.0
-36.1706,148.7702,1239.0
-36.1936,148.7702,1316.0
-36.846,148.7702,534.0
-37.0085,148.7702,384.0
-37.8063,148.7702,380.0
-35.5909,148.7758,1287.0
-36.0646,148.7758,1320.0
-36.2166,148.7758,1316.0
-36.3222,148.7758,482.0
-36.8596,148.7758,528.0
-35.6096,148.7814,366.0
-35.7075,148.7814,385.0
-35.8424,148.7814,487.0
-35.8609,148.7814,442.0
-36.3635,148.7814,526.0
-36.7872,148.7814,513.0
-37.0355,148.7814,470.0
-35.173,148.787,532.0
-35.4786,148.787,489.0
-35.5301,148.787,507.0
-35.6889,148.787,504.0
-35.8795,148.787,457.0
-36.2442,148.787,1192.0
-36.3772,148.787,370.0
-35.1871,148.7925,455.0
-35.5722,148.7925,535.0
-35.8145,148.7925,376.0
-36.143,148.7925,528.0
-36.6555,148.7925,1283.0
-36.986,148.7925,497.0
-37.6029,148.7925,346.0
-35.3801,148.7981,520.0
-35.5442,148.7981,519.0
-35.8517,148.7981,508.0
-36.2258,148.7981,1226.0
-36.8686,148.7981,449.0
-36.968,148.7981,368.0
-35.4646,148.8037,431.0
-35.7029,148.8037,380.0
-35.9073,148.8037,536.0
-36.1476,148.8037,529.0
-36.7645,148.8037,512.0
-37.8063,148.8037,360.0
-35.8934,148.8093,518.0
-36.1015,148.8093,500.0
-36.2488,148.8093,1231.0
-35.1919,148.8149,528.0
-35.2343,148.8149,1296.0
-35.272,148.8149,428.0
-35.5255,148.8149,446.0
-35.5442,148.8149,365.0
-36.0369,148.8149,517.0
-35.6236,148.8205,483.0
-35.9305,148.8205,535.0
-36.0553,148.8205,1291.0
-36.1476,148.8205,1292.0
-37.8284,148.8205,348.0
-35.1163,148.826,473.0
-35.2107,148.826,452.0
-35.6423,148.826,1316.0
-35.6609,148.826,460.0
-36.0646,148.826,1296.0
-36.2396,148.826,499.0
-36.5918,148.826,1277.0
-35.5535,148.8316,1312.0
-35.5769,148.8316,382.0
-36.0738,148.8316,1297.0
-36.2074,148.8316,1316.0
-37.4875,148.8316,374.0
-37.7975,148.8316,303.0
-35.2908,148.8372,491.0
-35.3614,148.8372,1280.0
-35.6609,148.8372,456.0
-35.8331,148.8372,526.0
-36.8279,148.8372,479.0
-36.9138,148.8372,350.0
-37.1793,148.8372,333.0
-37.6517,148.8372,351.0
-35.0264,148.8428,494.0
-35.8563,148.8428,460.0
-35.9721,148.8428,530.0
-36.2947,148.8428,467.0
-36.3635,148.8428,536.0
-36.4001,148.8428,359.0
-36.6464,148.8428,1302.0
-36.6646,148.8428,1283.0
-35.0595,148.8484,509.0
-36.4275,148.8484,147.0
-37.04,148.8484,458.0
-37.103,148.8484,486.0
-37.1434,148.8484,475.0
-35.5629,148.854,442.0
-35.8888,148.854,367.0
-36.7101,148.854,523.0
-36.7645,148.854,363.0
-36.8324,148.854,498.0
-36.9138,148.854,370.0
-37.13,148.854,488.0
-34.9743,148.8595,488.0
-35.7075,148.8595,1323.0
-35.8609,148.8595,384.0
-35.949,148.8595,473.0
-36.0184,148.8595,533.0
-36.1245,148.8595,1316.0
-36.2855,148.8595,527.0
-36.4138,148.8595,351.0
-37.5896,148.8595,396.0
-35.0217,148.8651,466.0
-35.0359,148.8651,495.0
-35.1258,148.8651,462.0
-35.5255,148.8651,358.0
-36.0045,148.8651,411.0
-36.2947,148.8651,490.0
-36.3497,148.8651,484.0
-36.8777,148.8651,487.0
-37.1883,148.8651,453.0
-35.3238,148.8707,1315.0
-35.6003,148.8707,1308.0
-35.8284,148.8707,470.0
-36.0322,148.8707,501.0
-36.0923,148.8707,1300.0
-36.7373,148.8707,493.0
-36.9228,148.8707,511.0
-37.6207,148.8707,303.0
-34.9695,148.8763,536.0
-35.0122,148.8763,385.0
-35.2484,148.8763,454.0
-35.6283,148.8763,459.0
-35.6982,148.8763,477.0
-35.9258,148.8763,381.0
-36.1337,148.8763,344.0
-35.5862,148.8819,1285.0
-35.9536,148.8819,346.0
-35.9999,148.8819,525.0
-35.5488,148.8875,533.0
-36.3268,148.8875,504.0
-36.4504,148.8875,524.0
-37.121,148.8875,399.0
-37.1524,148.8875,459.0
-37.7755,148.8875,384.0
-35.0264,148.8931,475.0
-35.0501,148.8931,377.0
-35.2437,148.8931,532.0
-35.6236,148.8931,455.0
-35.9721,148.8931,375.0
-35.986,148.8931,358.0
-36.8098,148.8931,536.0
-35.1966,148.8986,381.0
-35.5909,148.8986,1314.0
-35.7913,148.8986,526.0
-36.083,148.8986,1313.0
-36.2258,148.8986,510.0
-36.4092,148.8986,6.0
-36.4504,148.8986,498.0
-37.718,148.8986,383.0
-35.8424,148.9042,442.0
-35.9351,148.9042,468.0
-36.3818,148.9042,530.0
-36.7237,148.9098,513.0
-37.5142,148.9098,395.0
-37.5586,148.9098,418.0
-37.7004,148.9098,304.0
-35.5301,148.9154,505.0
-36.0276,148.9154,1322.0
-36.083,148.9154,1282.0
-36.235,148.9154,528.0
-36.2671,148.9154,458.0
-36.3268,148.9154,464.0
-36.3451,148.9154,446.0
-35.1588,148.921,532.0
-35.3801,148.921,346.0
-36.5918,148.921,386.0
-37.4296,148.921,264.0
-37.5763,148.921,414.0
-35.0974,148.9266,458.0
-35.2532,148.9266,1276.0
-35.272,148.9266,1310.0
-35.5582,148.9266,507.0
-35.8099,148.9266,472.0
-35.5909,148.9321,474.0
-36.1153,148.9321,514.0
-36.3543,148.9321,530.0
-36.6282,148.9321,53.0
-37.5008,148.9321,295.0
-35.0643,148.9377,364.0
-35.5067,148.9377,497.0
-36.0138,148.9377,1314.0
-36.0969,148.9377,441.0
-36.1706,148.9377,495.0
-36.2534,148.9377,511.0
-35.2484,148.9433,1286.0
-35.5769,148.9433,488.0
-36.0369,148.9433,410.0
-37.6915,148.9433,416.0
-35.1588,148.9489,371.0
-35.1824,148.9489,368.0
-35.2249,148.9489,489.0
-36.2304,148.9489,473.0
-36.2809,148.9489,433.0
-36.487,148.9489,53.0
-37.4474,148.9489,413.0
-37.8108,148.9489,345.0
-37.824,148.9489,422.0
-35.1116,148.9545,526.0
-35.2673,148.9545,376.0
-35.5909,148.9545,346.0
-36.1245,148.9545,474.0
-36.1614,148.9545,456.0
-37.4919,148.9545,360.0
-35.0832,148.9601,446.0
-35.319,148.9601,502.0
-35.474,148.9601,316.0
-36.0876,148.9601,519.0
-36.2671,148.9656,358.0
-36.5006,148.9656,511.0
-36.5098,148.9656,358.0
-36.986,148.9656,486.0
-37.6295,148.9656,326.0
-35.272,148.9712,401.0
-35.8888,148.9712,375.0
-36.8143,148.9712,443.0
-36.8551,148.9712,479.0
-37.4385,148.9712,392.0
-35.1683,148.9768,509.0
-37.8152,148.9768,376.0
-35.0359,148.9824,511.0
-35.7029,148.9824,401.0
-36.1384,148.9824,519.0
-36.4275,148.9824,9.0
-36.1245,148.988,362.0
-36.5417,148.988,533.0
-37.1165,148.988,441.0
-35.1258,148.9936,530.0
-35.2532,148.9936,1288.0
-35.7122,148.9936,362.0
-37.4029,148.9936,341.0
-35.0974,148.9991,531.0
-36.2166,148.9991,485.0
-36.9409,148.9991,487.0
-37.483,148.9991,398.0
-37.6295,148.9991,164.0
-37.6694,148.9991,378.0
-37.7887,148.9991,374.0
-35.1116,149.0047,501.0
-35.1635,149.0047,506.0
-35.4646,149.0047,452.0
-36.4184,149.0047,491.0
-35.4177,149.0103,443.0
-36.2809,149.0103,455.0
-36.8143,149.0103,349.0
-36.8234,149.0103,445.0
-36.8957,149.0103,469.0
-36.9183,149.0103,442.0
-36.0923,149.0159,493.0
-36.7826,149.0159,367.0
-34.9363,149.0215,351.0
-35.0974,149.0215,511.0
-36.8731,149.0215,385.0
-37.112,149.0215,375.0
-37.4786,149.0215,439.0
-36.5235,149.0271,461.0
-37.4919,149.0271,332.0
-35.4646,149.0327,400.0
-35.6283,149.0327,408.0
-36.5371,149.0327,503.0
-36.8415,149.0327,452.0
-37.5453,149.0327,230.0
-37.7975,149.0327,309.0
-36.5006,149.0382,489.0
-36.5873,149.0382,434.0
-36.8912,149.0382,471.0
-35.1305,149.0438,505.0
-37.4741,149.0438,423.0
-35.4177,149.0494,472.0
-35.5208,149.0494,456.0
-35.7168,149.0494,372.0
-36.258,149.0494,446.0
-37.6207,149.0494,431.0
-36.8505,149.055,484.0
-37.2644,149.055,375.0
-37.5142,149.055,395.0
-35.1919,149.0606,536.0
-35.5067,149.0606,395.0
-35.7587,149.0606,404.0
-36.8641,149.0606,361.0
-35.1588,149.0662,510.0
-35.5909,149.0662,449.0
-35.272,149.0717,438.0
-36.3909,149.0717,349.0
-36.9093,149.0717,478.0
-37.523,149.0717,325.0
-35.7773,149.0773,358.0
-36.2258,149.0829,390.0
-37.0985,149.0829,383.0
-37.3538,149.0829,448.0
-37.5319,149.0829,411.0
-37.5719,149.0885,366.0
-36.9228,149.0941,484.0
-35.2107,149.0997,440.0
-35.8284,149.0997,476.0
-37.4919,149.0997,325.0
-37.8108,149.0997,335.0
-35.7029,149.1052,436.0
-36.8912,149.1052,480.0
-36.9048,149.1052,388.0
-35.5722,149.1108,462.0
-36.8143,149.1108,395.0
-37.4652,149.1108,436.0
-35.2343,149.1164,471.0
-36.8777,149.1164,429.0
-37.5053,149.1164,420.0
-35.8238,149.122,490.0
-36.8279,149.122,449.0
-36.9454,149.122,476.0
-35.6982,149.1276,302.0
-35.7122,149.1276,445.0
-35.9999,149.1276,423.0
-36.2809,149.1276,370.0
-35.6049,149.1332,381.0
-36.8279,149.1332,444.0
-37.0805,149.1332,443.0
-37.3136,149.1332,323.0
-35.4083,149.1387,478.0
-35.8702,149.1387,352.0
-36.7509,149.1387,467.0
-37.4563,149.1387,420.0
-35.4224,149.1499,394.0
-35.7308,149.1499,356.0
-37.5408,149.1499,401.0
-35.3002,149.1555,467.0
-37.2331,149.1555,428.0
-36.0138,149.1611,486.0
-37.1255,149.1611,344.0
-37.3449,149.1611,432.0
-37.3761,149.1611,434.0
-35.3143,149.1667,445.0
-37.0895,149.1667,400.0
-37.4162,149.1667,180.0
-35.3002,149.1722,470.0
-37.3225,149.1722,229.0
-34.9268,149.1778,480.0
-35.1447,149.1778,1296.0
-36.023,149.1778,387.0
-35.4458,149.1834,347.0
-37.2644,149.1834,423.0
-35.1541,149.189,1290.0
-35.1683,149.189,173.0
-35.3379,149.189,385.0
-35.5675,149.189,467.0
-36.846,149.189,480.0
-37.6029,149.1946,372.0
-37.7975,149.1946,337.0
-34.9932,149.2002,348.0
-36.2166,149.2002,438.0
-35.8052,149.2113,467.0
-37.1883,149.2169,377.0
-35.5395,149.2225,360.0
-36.846,149.2225,39.0
-36.9048,149.2225,441.0
-37.4118,149.2225,395.0
-35.5675,149.2281,356.0
-37.4786,149.2337,430.0
-35.0027,149.2393,450.0
-35.6049,149.2393,461.0
-35.6749,149.2393,377.0
-36.9815,149.2393,433.0
-37.3984,149.2393,419.0
-35.3989,149.2448,486.0
-36.9589,149.2448,373.0
-37.4919,149.2448,437.0
-35.3049,149.2504,485.0
-36.9409,149.256,360.0
-37.0085,149.256,392.0
-37.2152,149.256,387.0
-35.5956,149.2616,459.0
-36.8415,149.2616,479.0
-35.9212,149.2672,408.0
-35.0027,149.2728,521.0
-35.4786,149.2728,372.0
-35.6516,149.2728,355.0
-36.5964,149.2728,14.0
-37.7799,149.2728,186.0
-35.8749,149.2783,456.0
-36.8551,149.2783,456.0
-37.4652,149.2783,207.0
-37.6295,149.2783,319.0
-35.0548,149.2839,346.0
-35.8099,149.2839,449.0
-35.9814,149.2895,419.0
-37.085,149.2895,466.0
-35.8424,149.2951,447.0
-35.9351,149.2951,449.0
-36.1061,149.2951,461.0
-36.4504,149.2951,377.0
-37.6162,149.2951,185.0
-36.189,149.3007,374.0
-36.8957,149.3007,470.0
-37.6561,149.3007,146.0
-35.8656,149.3063,406.0
-36.9454,149.3063,500.0
-37.2421,149.3063,403.0
-35.6749,149.3118,364.0
-36.6328,149.3118,469.0
-36.651,149.3118,486.0
-37.058,149.3118,456.0
-37.2062,149.3118,357.0
-34.9553,149.3174,452.0
-36.0045,149.3174,449.0
-35.8517,149.323,441.0
-36.336,149.323,468.0
-37.2465,149.323,321.0
-37.7843,149.323,347.0
-35.6842,149.3286,381.0
-35.9397,149.3286,469.0
-36.3039,149.3286,461.0
-37.5142,149.3286,418.0
-35.8377,149.3342,362.0
-36.8867,149.3342,346.0
-37.4474,149.3342,430.0
-36.2809,149.3398,373.0
-37.4741,149.3398,421.0
-35.7727,149.3454,476.0
-37.1973,149.3454,428.0
-35.9119,149.3509,392.0
-36.3314,149.3509,379.0
-35.5067,149.3565,371.0
-36.3085,149.3565,444.0
-36.3543,149.3565,457.0
-35.7355,149.3621,449.0
-36.8551,149.3621,474.0
-37.04,149.3621,347.0
-37.2017,149.3621,370.0
-37.3359,149.3621,414.0
-37.7975,149.3621,376.0
-36.0369,149.3677,414.0
-36.3818,149.3677,464.0
-36.4961,149.3677,442.0
-36.7917,149.3677,470.0
-35.1352,149.3733,383.0
-35.782,149.3733,486.0
-35.8006,149.3733,454.0
-35.9258,149.3733,456.0
-36.0738,149.3733,446.0
-36.3222,149.3733,379.0
-37.3404,149.3733,378.0
-37.718,149.3733,324.0
-36.9274,149.3789,368.0
-37.5275,149.3789,375.0
-35.7308,149.3844,386.0
-35.7587,149.3844,457.0
-36.212,149.3844,419.0
-36.9725,149.3844,393.0
-37.058,149.3844,452.0
-37.3002,149.3844,430.0
-35.5488,149.39,444.0
-36.1245,149.39,475.0
-36.1844,149.39,374.0
-36.4687,149.39,375.0
-37.0355,149.39,484.0
-35.0264,149.3956,474.0
-35.7727,149.3956,411.0
-35.8656,149.3956,426.0
-35.9444,149.3956,358.0
-37.1389,149.3956,473.0
-35.8517,149.4012,429.0
-36.8007,149.4012,500.0
-36.968,149.4012,425.0
-35.7355,149.4068,480.0
-35.8749,149.4068,379.0
-36.3451,149.4068,450.0
-36.5098,149.4068,446.0
-36.1522,149.4124,538.0
-36.9138,149.4124,527.0
-37.0985,149.4124,486.0
-36.0553,149.4179,345.0
-36.1153,149.4179,372.0
-35.5816,149.4235,383.0
-35.7075,149.4235,452.0
-36.8505,149.4235,477.0
-37.483,149.4235,376.0
-36.1337,149.4291,391.0
-36.2534,149.4291,363.0
-36.9228,149.4291,444.0
-37.1345,149.4291,456.0
-35.0737,149.4347,456.0
-35.7494,149.4347,367.0
-35.7913,149.4347,346.0
-36.1476,149.4347,446.0
-36.1614,149.4347,453.0
-36.8551,149.4347,381.0
-37.7755,149.4347,386.0
-35.7401,149.4403,457.0
-36.1982,149.4403,454.0
-36.2671,149.4403,443.0
-36.8867,149.4403,386.0
-36.9815,149.4403,355.0
-35.1021,149.4459,398.0
-36.6828,149.4459,369.0
-37.7446,149.4459,362.0
-35.7727,149.4514,486.0
-35.8052,149.4514,447.0
-36.189,149.4514,345.0
-36.336,149.4514,387.0
-36.6601,149.4514,389.0
-36.9319,149.4514,372.0
-36.9544,149.4514,493.0
-37.2465,149.4514,386.0
-36.9048,149.457,483.0
-35.1021,149.4626,415.0
-35.1447,149.4626,493.0
-36.1568,149.4626,509.0
-36.4413,149.4626,379.0
-36.5782,149.4626,369.0
-37.0805,149.4626,416.0
-35.0359,149.4682,678.0
-35.0927,149.4682,344.0
-36.3268,149.4682,307.0
-37.0625,149.4682,350.0
-35.1824,149.4738,406.0
-35.6143,149.4738,387.0
-35.9999,149.4738,351.0
-36.2901,149.4738,440.0
-36.701,149.4738,349.0
-36.9048,149.4738,464.0
-37.6694,149.4738,116.0
-37.7578,149.4738,326.0
-35.1494,149.4794,504.0
-35.2296,149.4794,454.0
-35.9073,149.485,437.0
-36.1982,149.485,522.0
-36.3909,149.485,417.0
-36.8007,149.485,34.0
-35.0927,149.4905,474.0
-35.9212,149.4905,449.0
-36.9725,149.4905,466.0
-35.069,149.4961,418.0
-35.2296,149.4961,472.0
-35.3661,149.4961,390.0
-35.7773,149.4961,322.0
-36.2074,149.4961,518.0
-36.4367,149.4961,95.0
-36.7327,149.4961,346.0
-37.0895,149.4961,424.0
-35.1352,149.5017,446.0
-35.6469,149.5017,422.0
-36.8551,149.5017,431.0
-35.2013,149.5073,1289.0
-35.2532,149.5073,473.0
-35.3567,149.5073,372.0
-35.6003,149.5073,346.0
-36.5326,149.5073,436.0
-35.0217,149.5129,352.0
-35.1116,149.5129,347.0
-35.1777,149.5129,489.0
-35.9768,149.5129,560.0
-36.2258,149.5129,527.0
-36.3543,149.5129,486.0
-37.0895,149.5129,435.0
-37.5896,149.5129,390.0
-35.3801,149.5185,1260.0
-36.1798,149.5185,387.0
-37.2062,149.5185,386.0
-35.2343,149.524,345.0
-36.1936,149.524,534.0
-35.0501,149.5296,428.0
-35.1777,149.5296,1299.0
-35.3379,149.5296,483.0
-35.9073,149.5296,350.0
-37.049,149.5296,424.0
-35.2249,149.5352,1250.0
-35.2767,149.5352,355.0
-35.9397,149.5352,538.0
-36.6237,149.5352,437.0
-37.0175,149.5352,375.0
-35.0643,149.5408,395.0
-35.2532,149.5408,362.0
-37.067,149.5408,382.0
-37.7225,149.5408,382.0
-34.884,149.5464,461.0
-35.2013,149.552,453.0
-37.022,149.552,372.0
-37.1928,149.552,345.0
-35.9444,149.5575,433.0
-36.0738,149.5575,377.0
-35.1116,149.5631,1287.0
-35.2202,149.5631,478.0
-35.6236,149.5631,421.0
-36.2671,149.5631,467.0
-36.6964,149.5631,490.0
-37.0535,149.5631,332.0
-35.8424,149.5687,468.0
-36.0184,149.5687,347.0
-34.941,149.5743,502.0
-35.8656,149.5743,419.0
-35.9583,149.5743,410.0
-36.2763,149.5743,380.0
-37.031,149.5743,381.0
-35.6796,149.5799,409.0
-35.2955,149.5855,396.0
-35.2013,149.591,456.0
-35.2484,149.591,488.0
-35.6935,149.591,374.0
-35.7448,149.591,402.0
-36.258,149.591,408.0
-36.2947,149.591,458.0
-36.8867,149.591,436.0
-37.0625,149.591,319.0
-37.1524,149.591,371.0
-35.8563,149.5966,383.0
-35.986,149.5966,494.0
-36.1061,149.5966,396.0
-36.1798,149.5966,358.0
-36.4778,149.5966,434.0
-37.094,149.5966,415.0
-35.6796,149.6022,327.0
-36.0369,149.6022,420.0
-36.61,149.6022,482.0
-37.5053,149.6022,347.0
-35.3707,149.6078,356.0
-35.768,149.6078,426.0
-35.8702,149.6078,413.0
-35.986,149.6078,408.0
-36.7146,149.6078,345.0
-36.7736,149.6078,407.0
-37.1389,149.6078,413.0
-35.413,149.6134,337.0
-36.1982,149.6134,388.0
-36.986,149.6134,28.0
-35.2814,149.619,466.0
-35.319,149.619,471.0
-35.3332,149.619,377.0
-36.4824,149.619,396.0
-35.7913,149.6245,427.0
-35.8934,149.6245,407.0
-36.6237,149.6245,452.0
-37.0895,149.6245,408.0
-37.3717,149.6245,308.0
-35.6702,149.6301,406.0
-36.0692,149.6301,404.0
-37.2465,149.6301,420.0
-35.3801,149.6357,346.0
-35.7448,149.6357,432.0
-35.9953,149.6357,394.0
-36.1384,149.6357,356.0
-37.0715,149.6357,211.0
-35.3332,149.6413,228.0
-35.6889,149.6413,423.0
-35.7122,149.6413,427.0
-35.9166,149.6413,357.0
-37.1614,149.6413,343.0
-37.4608,149.6413,407.0
-37.5097,149.6413,368.0
-34.9458,149.6469,398.0
-37.121,149.6469,387.0
-37.3717,149.6469,306.0
-35.6935,149.6525,410.0
-36.5417,149.6525,440.0
-37.058,149.6525,402.0
-37.0895,149.6525,406.0
-37.103,149.6525,368.0
-34.9743,149.6581,425.0
-35.2249,149.6581,398.0
-35.3848,149.6581,444.0
-35.8888,149.6581,394.0
-35.9721,149.6581,419.0
-37.2644,149.6581,191.0
-37.4519,149.6581,372.0
-35.0217,149.6636,418.0
-35.413,149.6636,473.0
-35.7913,149.6636,412.0
-35.9953,149.6636,356.0
-36.5189,149.6636,373.0
-35.0595,149.6692,403.0
-35.3332,149.6692,259.0
-35.7355,149.6692,344.0
-36.0507,149.6692,406.0
-35.8006,149.6748,360.0
-35.9027,149.6748,326.0
-36.3497,149.6748,471.0
-37.3806,149.6748,380.0
-35.3096,149.6804,485.0
-35.847,149.6804,347.0
-36.7464,149.6804,26.0
-37.04,149.6804,345.0
-37.394,149.6804,382.0
-35.4271,149.686,456.0
-35.7727,149.686,404.0
-36.0692,149.686,356.0
-37.483,149.686,350.0
-37.2868,149.6916,335.0
-37.4652,149.6916,380.0
-35.4318,149.6971,443.0
-35.5067,149.6971,357.0
-35.9351,149.6971,424.0
-36.455,149.6971,178.0
-36.6646,149.6971,371.0
-37.1928,149.6971,402.0
-35.3473,149.7027,455.0
-35.7401,149.7027,433.0
-35.7913,149.7027,429.0
-36.0322,149.7027,385.0
-36.5508,149.7027,412.0
-35.4458,149.7083,390.0
-35.8192,149.7083,279.0
-35.9119,149.7083,356.0
-36.1199,149.7083,379.0
-36.189,149.7083,219.0
-36.0045,149.7139,261.0
-37.5319,149.7139,370.0
-34.9221,149.7195,404.0
-35.847,149.7195,301.0
-36.0969,149.7195,159.0
-36.5508,149.7195,410.0
-36.7373,149.7195,377.0
-35.0927,149.7251,426.0
-35.4833,149.7251,405.0
-35.9397,149.7251,434.0
-37.3583,149.7251,27.0
-35.3426,149.7306,390.0
-35.3848,149.7306,368.0
-35.9583,149.7306,349.0
-37.0085,149.7306,192.0
-34.9695,149.7362,357.0
-35.0359,149.7362,332.0
-35.8284,149.7362,395.0
-35.8841,149.7362,402.0
-36.61,149.7362,381.0
-37.483,149.7362,377.0
-37.5541,149.7362,387.0
-35.1069,149.7418,419.0
-35.4177,149.7418,429.0
-36.0045,149.7418,337.0
-37.1838,149.7418,387.0
-37.5364,149.7418,385.0
-35.3801,149.7474,425.0
-35.4974,149.7474,461.0
-35.9027,149.7474,247.0
-36.2258,149.7474,404.0
-37.013,149.7474,99.0
-34.941,149.753,411.0
-35.1305,149.753,436.0
-35.5161,149.753,407.0
-35.782,149.753,434.0
-36.0322,149.753,399.0
-36.0923,149.753,407.0
-34.8983,149.7586,451.0
-35.4505,149.7586,479.0
-36.166,149.7586,355.0
-37.1793,149.7586,435.0
-35.4786,149.7641,450.0
-35.9583,149.7641,427.0
-36.76,149.7641,47.0
-35.8795,149.7697,236.0
-36.1245,149.7697,189.0
-37.1614,149.7697,240.0
-37.1928,149.7697,158.0
-37.6207,149.7697,374.0
-35.4974,149.7753,378.0
-35.4693,149.7809,379.0
-36.1568,149.7809,338.0
-36.7554,149.7809,41.0
-35.3895,149.7865,483.0
-35.5442,149.7865,429.0
-37.2286,149.7865,527.0
-35.4083,149.7977,365.0
-35.4318,149.7977,399.0
-35.4833,149.7977,406.0
-36.7781,149.7977,362.0
-35.2814,149.8032,362.0
-35.3801,149.8032,450.0
-35.4552,149.8032,443.0
-35.5021,149.8032,431.0
-35.5629,149.8032,407.0
-36.4733,149.8032,429.0
-35.206,149.8088,407.0
-35.5769,149.8088,481.0
-36.0322,149.8088,387.0
-36.0646,149.8088,323.0
-35.4177,149.8144,468.0
-35.6049,149.8144,481.0
-36.023,149.8144,296.0
-34.9932,149.82,402.0
-35.5442,149.82,477.0
-35.9953,149.82,336.0
-36.083,149.82,402.0
-35.2343,149.8256,324.0
-36.0461,149.8256,368.0
-36.2993,149.8256,390.0
-36.3176,149.8256,352.0
-35.6049,149.8312,451.0
-35.3895,149.8367,375.0
-35.4552,149.8367,379.0
-35.6189,149.8367,361.0
-36.3955,149.8367,391.0
-35.413,149.8479,345.0
-35.949,149.8479,399.0
-36.0045,149.8479,404.0
-35.5488,149.8535,483.0
-35.6236,149.8535,486.0
-36.1107,149.8535,392.0
-36.3085,149.8535,355.0
-36.7962,149.8535,373.0
-36.846,149.8535,391.0
-37.2062,149.8535,440.0
-35.9675,149.8591,410.0
-36.701,149.8591,354.0
-35.4224,149.8647,419.0
-35.474,149.8647,357.0
-35.6469,149.8647,386.0
-36.1245,149.8647,139.0
-36.423,149.8647,375.0
-35.4552,149.8702,376.0
-35.6982,149.8702,408.0
-36.7327,149.8702,373.0
-35.2626,149.8758,379.0
-36.0276,149.8758,428.0
-36.9093,149.8758,395.0
-35.4646,149.8814,436.0
-35.5629,149.8814,370.0
-35.5956,149.8814,395.0
-36.4824,149.8814,382.0
-35.5021,149.887,368.0
-35.7075,149.887,393.0
-35.4833,149.8926,159.0
-35.5769,149.8926,436.0
-36.0692,149.8926,414.0
-36.8098,149.8926,395.0
-35.1683,149.8982,410.0
-35.6189,149.8982,417.0
-36.7282,149.8982,362.0
-35.1966,149.9037,427.0
-35.2673,149.9037,458.0
-35.6329,149.9037,424.0
-36.0553,149.9037,302.0
-35.173,149.9093,425.0
-35.5816,149.9149,190.0
-36.7146,149.9149,155.0
-36.9048,149.9149,250.0
-35.6609,149.9205,208.0
-36.5189,149.9205,176.0
-37.3449,149.9205,249.0
-35.2202,149.9261,367.0
-35.173,149.9317,403.0
-35.5161,149.9317,429.0
-35.6236,149.9372,467.0
-35.6516,149.9372,299.0
-35.6935,149.9372,394.0
-36.0276,149.9372,438.0
-36.336,149.9428,440.0
-35.4271,149.9484,354.0
-36.6873,149.9484,153.0
-36.7781,149.9484,398.0
-35.6842,149.954,408.0
-35.2484,149.9596,351.0
-36.1107,149.9596,178.0
-36.2028,149.9596,382.0
-36.6555,149.9596,165.0
-37.4786,149.9596,15.0
-36.4504,149.9652,363.0
-35.0548,149.9763,487.0
-35.2013,149.9819,413.0
-35.5161,149.9819,176.0
-36.6555,149.9819,368.0
-35.2814,149.9875,348.0
-36.9454,149.9931,366.0
-34.9316,149.9987,466.0
-35.2532,149.9987,418.0
-35.6423,149.9987,415.0
-37.1793,149.9987,341.0
-34.8222,150.0043,351.0
-35.8006,150.0043,151.0
-34.8508,150.0098,480.0
-35.3989,150.0098,354.0
-35.0359,150.0154,379.0
-35.7262,150.021,159.0
-34.7936,150.0266,497.0
-35.3379,150.0266,367.0
-35.6609,150.0266,387.0
-35.0406,150.0322,444.0
-35.2626,150.0322,371.0
-35.206,150.0378,411.0
-34.7793,150.0433,442.0
-35.2861,150.0433,302.0
-34.8127,150.0489,531.0
-34.9505,150.0489,485.0
-35.2249,150.0489,417.0
-35.3285,150.0489,482.0
-34.9885,150.0545,446.0
-36.3039,150.0545,426.0
-35.0406,150.0601,460.0
-35.2484,150.0601,311.0
-35.3707,150.0601,199.0
-34.7603,150.0657,459.0
-35.7168,150.0657,357.0
-34.8793,150.0713,472.0
-34.9126,150.0713,372.0
-35.3332,150.0768,391.0
-35.7401,150.0768,331.0
-34.9695,150.0824,386.0
-36.5052,150.0824,344.0
-36.3222,150.088,346.0
-35.3801,150.0936,382.0
-34.9505,150.0992,464.0
-35.1021,150.1048,386.0
-34.865,150.1104,497.0
-34.9173,150.1104,444.0
-35.7075,150.1104,304.0
-36.143,150.1159,151.0
-35.1021,150.1215,431.0
-34.7793,150.1271,456.0
-35.4036,150.1271,349.0
-35.6609,150.1271,416.0
-35.3614,150.1327,388.0
-35.7634,150.1327,351.0
-35.5816,150.1383,390.0
-34.8317,150.1439,452.0
-35.6935,150.1439,365.0
-34.7555,150.1494,470.0
-34.9553,150.155,352.0
-35.0311,150.155,347.0
-35.8284,150.155,206.0
-34.765,150.1606,338.0
-34.8508,150.1606,456.0
-35.3332,150.1606,355.0
-35.3848,150.1662,359.0
-35.7262,150.1662,359.0
-36.0184,150.1718,522.0
-34.8174,150.1774,568.0
-34.8365,150.1829,449.0
-34.8222,150.1941,571.0
-35.0595,150.1941,479.0
-34.9031,150.1997,367.0
-35.3426,150.1997,351.0
-34.6887,150.2053,328.0
-34.8793,150.2053,266.0
-35.3567,150.222,384.0
-34.9363,150.2276,458.0
-35.3801,150.2276,388.0
-34.6982,150.2332,457.0
-34.6887,150.2499,457.0
-35.7122,150.2555,356.0
-35.8331,150.2555,415.0
-35.8099,150.2611,358.0
-34.7173,150.2667,316.0
-35.8192,150.2667,388.0
-34.7746,150.2723,395.0
-35.319,150.2723,476.0
-35.3707,150.2723,329.0
-34.8983,150.2779,485.0
-34.66,150.2835,401.0
-34.703,150.2835,449.0
-35.2955,150.2835,347.0
-35.5114,150.2835,364.0
-34.7793,150.289,449.0
-35.3801,150.2946,387.0
-34.7555,150.3002,575.0
-34.6982,150.3058,437.0
-34.9505,150.3114,387.0
-34.6791,150.317,391.0
-35.4927,150.317,443.0
-35.4693,150.3225,322.0
-34.7412,150.3281,411.0
-34.6552,150.3337,435.0
-34.6935,150.3337,373.0
-35.5488,150.3393,381.0
-34.6218,150.3505,384.0
-34.9695,150.3505,362.0
-35.4083,150.3505,169.0
-34.6696,150.356,400.0
-35.474,150.3616,355.0
-35.4927,150.3672,327.0
-34.7698,150.3728,400.0
-34.7173,150.3784,358.0
-34.6313,150.3951,392.0
-35.2249,150.3951,458.0
-34.7412,150.4007,348.0
-34.6935,150.4063,345.0
-34.7793,150.4063,361.0
-34.8698,150.4119,312.0
-34.6887,150.4175,462.0
-34.7698,150.4231,430.0
-34.6265,150.4342,501.0
-34.7364,150.4342,408.0
-34.827,150.4342,158.0
-34.6982,150.451,430.0
-34.66,150.4566,191.0
-34.8793,150.4566,174.0
-34.9837,150.4566,418.0
-34.8603,150.4677,429.0
-34.66,150.4733,349.0
-34.6791,150.4733,385.0
-34.7603,150.4733,382.0
-34.7793,150.4733,303.0
-34.8032,150.4733,351.0
-34.8983,150.4733,425.0
-34.827,150.4789,412.0
-35.2767,150.4789,352.0
-34.6218,150.4845,350.0
-34.7316,150.4845,342.0
-35.3002,150.4956,423.0
-35.1635,150.5012,398.0
-34.8032,150.5068,363.0
-34.8222,150.5068,395.0
-34.8793,150.5068,299.0
-34.9268,150.5068,418.0
-34.9505,150.5124,441.0
-34.8079,150.5236,385.0
-34.846,150.5291,153.0
-34.66,150.5347,312.0
-34.7316,150.5347,349.0
-34.9316,150.5347,427.0
-34.6982,150.5459,299.0
-34.9458,150.5459,182.0
-34.6696,150.5515,201.0
-34.8222,150.5515,312.0
-34.884,150.5515,339.0
-34.8508,150.5571,400.0
-34.7412,150.5626,304.0
-34.9173,150.5626,352.0
-35.1966,150.5626,435.0
-34.703,150.5682,352.0
-34.8174,150.5682,374.0
-34.6839,150.5738,386.0
-34.7364,150.5794,346.0
-34.8079,150.5794,428.0
-34.746,150.5906,362.0
-34.8365,150.5906,352.0
-34.9031,150.5906,346.0
-34.765,150.5962,367.0
-34.9221,150.6017,242.0
-34.765,150.6073,349.0
-34.8698,150.6073,380.0
-34.8032,150.6129,365.0
-34.7364,150.6185,355.0
-34.7841,150.6185,373.0
-34.827,150.6185,360.0
-34.8983,150.6185,378.0
-35.0501,150.6185,398.0
-35.069,150.6185,401.0
-34.8412,150.6241,305.0
-34.9316,150.6241,425.0
-34.96,150.6241,390.0
-34.865,150.6297,413.0
-35.0264,150.6352,402.0
-34.6839,150.6408,359.0
-34.9173,150.6408,331.0
-34.66,150.6464,371.0
-34.6982,150.6464,324.0
-34.765,150.6464,459.0
-34.9553,150.6464,409.0
-35.0311,150.6464,372.0
-34.6361,150.652,367.0
-34.7889,150.6576,389.0
-34.979,150.6576,421.0
-34.8127,150.6632,378.0
-34.8317,150.6632,467.0
-34.7126,150.6687,368.0
-34.998,150.6687,384.0
-34.8555,150.6799,428.0
-34.9743,150.6855,355.0
-35.0548,150.6855,393.0
-34.8983,150.6911,371.0
-34.6839,150.6967,313.0
-34.7269,150.6967,326.0
-34.7936,150.6967,343.0
-34.7698,150.7022,378.0
-35.0122,150.7022,397.0
-34.9316,150.7078,388.0
-34.941,150.7078,374.0
-34.9505,150.7078,389.0
-34.7173,150.7134,387.0
-34.9173,150.7134,344.0
-35.1399,150.7134,546.0
-34.9078,150.719,178.0
-34.6744,150.7246,339.0
-34.7221,150.7246,374.0
-34.7412,150.7246,356.0
-34.8698,150.7246,390.0
-34.979,150.7246,541.0
-34.9885,150.7246,344.0
-35.0074,150.7246,396.0
-35.0595,150.7302,435.0
-34.9173,150.7358,372.0
-34.998,150.7358,396.0
-35.1163,150.7358,362.0
-34.7603,150.7413,348.0
-34.6935,150.7469,352.0
-35.0453,150.7469,564.0
-35.0737,150.7469,399.0
-34.6505,150.7525,344.0
-34.8888,150.7525,378.0
-34.6648,150.7581,348.0
-34.9316,150.7581,384.0
-35.0169,150.7581,375.0
-34.9695,150.7637,361.0
-34.8603,150.7693,310.0
-34.96,150.7693,358.0
-34.941,150.7804,401.0
-34.979,150.7804,529.0
-34.6839,150.786,361.0
-34.6265,150.7916,368.0
-34.8317,150.7916,353.0
-35.0832,150.7916,397.0
-34.6457,150.8028,371.0
-34.7269,150.8028,376.0
-34.8412,150.8028,310.0
-35.0406,150.8083,492.0
-34.9078,150.8139,379.0
-34.66,150.8195,342.0
-35.0595,150.8195,377.0
-34.7221,150.8251,576.0
-34.846,150.8251,377.0
-35.0217,150.8307,511.0
-35.0359,150.8307,350.0
-34.6887,150.8363,378.0
-34.8412,150.8418,379.0
-34.9126,150.8418,375.0
-34.9553,150.8418,338.0
-34.7412,150.853,300.0
-34.765,150.853,304.0
-34.9316,150.853,351.0
-35.0311,150.853,530.0
